year,month,carrier,origin,total_flights,cancelled_flights,delayed_flights,avg_dep_delay,avg_arr_delay,avg_taxi_out,avg_taxi_in,avg_turnaround,avg_flight_time,total_distance,otp_rate,cancellation_rate,delay_rate,airline_name
2022,1,AA,HOU,37,0,8,12.11,14.27,16.7,7.16,41.97,122.0,31399,78.38,0.0,21.62,American Airlines
2022,1,AA,IAH,430,10,90,8.5,10.04,18.38,7.73,45.07,94.54,273931,76.74,2.326,20.93,American Airlines
2022,1,AS,HOU,29,1,6,3.25,4.86,18.61,8.43,43.0,125.07,25254,75.86,3.448,20.69,Alaska Airlines
2022,1,AS,IAH,38,1,12,7.46,10.14,18.92,7.32,45.76,134.03,35036,65.79,2.632,31.58,Alaska Airlines
2022,1,B6,HOU,35,0,8,6.4,7.91,16.74,7.91,48.63,120.54,29604,77.14,0.0,22.86,JetBlue Airways
2022,1,B6,IAH,39,1,6,10.5,11.34,17.97,8.21,44.71,165.84,45626,82.05,2.564,15.38,JetBlue Airways
2022,1,DL,HOU,54,3,11,5.78,7.63,18.22,8.04,45.9,121.29,45408,74.07,5.556,20.37,Delta Air Lines
2022,1,DL,IAH,75,3,10,5.07,5.78,19.26,8.17,44.96,142.54,74494,82.67,4.0,13.33,Delta Air Lines
2022,1,F9,HOU,40,0,11,7.1,9.88,21.3,8.07,43.4,117.65,32485,72.5,0.0,27.5,Frontier Airlines
2022,1,F9,IAH,32,1,8,6.48,9.13,19.03,7.16,42.55,168.1,38819,71.88,3.125,25.0,Frontier Airlines
2022,1,NK,HOU,139,1,34,7.86,9.33,17.87,8.0,42.89,134.52,130987,74.82,0.719,24.46,Spirit Airlines
2022,1,NK,IAH,29,1,8,11.71,13.93,17.0,7.57,47.61,146.75,29346,68.97,3.448,27.59,Spirit Airlines
2022,1,UA,HOU,36,0,8,5.86,6.81,18.11,8.33,44.89,109.83,27520,77.78,0.0,22.22,United Airlines
2022,1,UA,IAH,495,14,84,5.76,6.87,18.65,7.67,45.05,232.41,847781,80.2,2.828,16.97,United Airlines
2022,1,WN,HOU,961,29,217,9.02,10.54,18.66,7.57,45.14,122.48,820137,74.4,3.018,22.58,Southwest Airlines
2022,1,WN,IAH,28,2,8,12.38,14.12,21.27,7.81,41.85,152.96,28937,64.29,7.143,28.57,Southwest Airlines
2022,2,AA,HOU,37,0,6,5.95,6.95,18.22,7.92,43.86,121.0,31388,83.78,0.0,16.22,American Airlines
2022,2,AA,IAH,400,10,82,9.47,11.05,17.94,7.82,45.01,92.99,254959,77.0,2.5,20.5,American Airlines
2022,2,AS,HOU,37,1,9,5.81,6.53,16.31,6.86,44.92,122.94,31987,72.97,2.703,24.32,Alaska Airlines
2022,2,AS,IAH,24,0,6,14.92,17.0,19.25,7.42,42.04,139.5,24031,75.0,0.0,25.0,Alaska Airlines
2022,2,B6,HOU,34,0,13,15.24,18.0,16.85,8.06,41.65,131.71,30952,61.76,0.0,38.24,JetBlue Airways
2022,2,B6,IAH,25,0,7,10.96,13.4,17.04,7.96,46.12,168.8,30453,72.0,0.0,28.0,JetBlue Airways
2022,2,DL,HOU,37,0,4,1.92,3.57,17.16,7.3,46.27,126.38,32482,89.19,0.0,10.81,Delta Air Lines
2022,2,DL,IAH,67,0,15,7.34,8.7,20.99,7.18,44.31,126.78,59412,77.61,0.0,22.39,Delta Air Lines
2022,2,F9,HOU,36,0,10,13.86,15.53,17.75,6.67,41.33,137.81,34875,72.22,0.0,27.78,Frontier Airlines
2022,2,F9,IAH,33,0,6,11.55,13.85,18.91,8.18,44.3,153.58,36200,81.82,0.0,18.18,Frontier Airlines
2022,2,NK,HOU,147,5,40,9.17,11.58,17.96,7.86,43.83,132.61,135582,69.39,3.401,27.21,Spirit Airlines
2022,2,NK,IAH,34,0,16,16.56,19.76,19.97,7.5,41.59,172.15,42534,52.94,0.0,47.06,Spirit Airlines
2022,2,UA,HOU,39,2,12,12.78,13.7,21.41,7.68,44.22,134.65,34952,64.1,5.128,30.77,United Airlines
2022,2,UA,IAH,459,10,93,7.87,9.33,18.19,7.53,44.9,230.16,778906,77.56,2.179,20.26,United Airlines
2022,2,WN,HOU,864,16,186,7.96,9.49,18.35,7.58,44.35,121.09,724769,76.62,1.852,21.53,Southwest Airlines
2022,2,WN,IAH,36,1,5,4.11,6.2,20.97,6.94,46.77,165.63,44049,83.33,2.778,13.89,Southwest Airlines
2022,3,AA,HOU,42,1,13,15.17,17.15,17.1,7.83,40.34,127.76,38121,66.67,2.381,30.95,American Airlines
2022,3,AA,IAH,475,6,98,7.27,8.7,18.5,7.73,43.68,93.54,302276,78.11,1.263,20.63,American Airlines
2022,3,AS,HOU,42,3,9,6.1,7.74,17.51,7.64,45.85,128.95,38001,71.43,7.143,21.43,Alaska Airlines
2022,3,AS,IAH,42,0,10,6.55,8.12,16.67,8.21,42.17,167.57,50571,76.19,0.0,23.81,Alaska Airlines
2022,3,B6,HOU,43,0,9,10.72,11.95,19.84,6.58,47.14,140.23,42070,79.07,0.0,20.93,JetBlue Airways
2022,3,B6,IAH,30,0,9,10.27,11.97,19.9,6.7,48.0,154.47,33069,70.0,0.0,30.0,JetBlue Airways
2022,3,DL,HOU,46,1,5,3.47,4.84,17.58,7.18,42.4,122.4,39313,86.96,2.174,10.87,Delta Air Lines
2022,3,DL,IAH,79,2,20,10.88,12.56,18.99,7.3,45.55,140.83,77471,72.15,2.532,25.32,Delta Air Lines
2022,3,F9,HOU,46,0,14,11.59,13.91,18.15,7.76,42.59,122.43,39556,69.57,0.0,30.43,Frontier Airlines
2022,3,F9,IAH,50,1,15,11.53,15.0,17.96,7.69,44.43,153.1,54193,68.0,2.0,30.0,Frontier Airlines
2022,3,NK,HOU,169,0,39,8.49,10.39,18.03,7.41,44.66,138.56,163212,76.92,0.0,23.08,Spirit Airlines
2022,3,NK,IAH,41,0,14,11.24,14.0,19.76,7.32,44.37,185.54,55635,65.85,0.0,34.15,Spirit Airlines
2022,3,UA,HOU,43,1,7,8.57,10.1,19.79,6.88,44.1,109.52,32654,81.4,2.326,16.28,United Airlines
2022,3,UA,IAH,503,5,113,7.94,9.28,18.69,7.49,43.92,235.26,870712,76.54,0.994,22.47,United Airlines
2022,3,WN,HOU,1005,14,215,7.41,9.13,18.0,7.64,45.09,120.66,840318,77.21,1.393,21.39,Southwest Airlines
2022,3,WN,IAH,38,0,11,13.13,14.74,18.74,7.89,44.84,136.82,37146,71.05,0.0,28.95,Southwest Airlines
2022,4,AA,HOU,48,0,8,9.23,10.67,20.58,7.46,46.69,120.92,40144,83.33,0.0,16.67,American Airlines
2022,4,AA,IAH,446,6,93,8.33,9.57,18.97,7.5,44.88,94.52,287008,77.8,1.345,20.85,American Airlines
2022,4,AS,HOU,34,0,7,5.47,7.53,17.68,7.24,42.53,133.5,31536,79.41,0.0,20.59,Alaska Airlines
2022,4,AS,IAH,30,0,3,1.9,2.5,19.33,7.03,44.87,135.9,28976,90.0,0.0,10.0,Alaska Airlines
2022,4,B6,HOU,52,1,12,8.73,10.18,18.84,6.41,49.45,125.02,45280,75.0,1.923,23.08,JetBlue Airways
2022,4,B6,IAH,47,1,13,10.33,12.43,17.48,8.28,43.11,170.76,58383,70.21,2.128,27.66,JetBlue Airways
2022,4,DL,HOU,40,1,4,4.33,4.38,18.51,8.03,42.95,127.03,35039,87.5,2.5,10.0,Delta Air Lines
2022,4,DL,IAH,82,1,12,5.52,6.67,18.19,7.72,44.52,135.64,79073,84.15,1.22,14.63,Delta Air Lines
2022,4,F9,HOU,44,0,10,8.68,9.7,18.45,7.61,44.43,126.05,38825,77.27,0.0,22.73,Frontier Airlines
2022,4,F9,IAH,38,0,8,5.5,7.08,17.97,7.11,42.76,169.37,46270,78.95,0.0,21.05,Frontier Airlines
2022,4,NK,HOU,145,1,37,11.04,12.53,18.49,7.82,43.97,130.58,130902,73.79,0.69,25.52,Spirit Airlines
2022,4,NK,IAH,48,0,12,10.15,11.31,19.44,7.85,43.81,153.0,52408,75.0,0.0,25.0,Spirit Airlines
2022,4,UA,HOU,40,1,13,10.62,13.38,18.21,7.92,46.15,122.97,34122,65.0,2.5,32.5,United Airlines
2022,4,UA,IAH,510,3,103,6.27,7.63,18.34,7.26,45.07,228.72,861589,79.22,0.588,20.2,United Airlines
2022,4,WN,HOU,1019,10,241,8.72,10.37,18.55,7.58,43.88,122.06,865204,75.37,0.981,23.65,Southwest Airlines
2022,4,WN,IAH,47,1,7,2.83,4.0,18.37,7.8,47.04,174.15,58166,82.98,2.128,14.89,Southwest Airlines
2022,5,AA,HOU,60,1,13,8.32,8.85,18.54,7.17,45.63,121.32,50973,76.67,1.667,21.67,American Airlines
2022,5,AA,IAH,507,6,107,7.68,9.15,18.73,7.82,45.59,98.51,343321,77.71,1.183,21.1,American Airlines
2022,5,AS,HOU,66,0,11,7.92,8.53,16.11,7.48,44.05,129.94,59810,83.33,0.0,16.67,Alaska Airlines
2022,5,AS,IAH,37,1,6,11.83,13.14,16.22,8.03,43.61,170.08,44829,81.08,2.703,16.22,Alaska Airlines
2022,5,B6,HOU,47,1,9,6.22,7.26,19.2,7.43,45.93,123.74,39785,78.72,2.128,19.15,JetBlue Airways
2022,5,B6,IAH,37,1,7,10.92,11.97,19.81,8.06,44.78,161.5,43484,78.38,2.703,18.92,JetBlue Airways
2022,5,DL,HOU,42,0,11,9.19,11.76,19.76,7.74,44.07,115.29,33902,73.81,0.0,26.19,Delta Air Lines
2022,5,DL,IAH,96,1,14,4.24,5.42,17.54,7.85,44.83,150.42,102906,84.38,1.042,14.58,Delta Air Lines
2022,5,F9,HOU,53,1,16,16.77,19.02,18.33,7.98,44.1,129.96,48564,67.92,1.887,30.19,Frontier Airlines
2022,5,F9,IAH,40,0,11,11.38,13.52,20.95,7.35,43.75,143.55,40415,72.5,0.0,27.5,Frontier Airlines
2022,5,NK,HOU,155,2,39,10.59,12.58,19.55,7.45,44.83,138.21,149507,73.55,1.29,25.16,Spirit Airlines
2022,5,NK,IAH,41,1,11,9.43,11.7,18.15,7.8,44.85,153.02,44533,70.73,2.439,26.83,Spirit Airlines
2022,5,UA,HOU,40,0,8,7.1,8.95,19.18,7.52,42.52,122.82,34243,80.0,0.0,20.0,United Airlines
2022,5,UA,IAH,561,9,103,5.99,7.27,18.35,7.73,44.57,225.91,932886,80.04,1.604,18.36,United Airlines
2022,5,WN,HOU,1081,17,257,9.16,10.81,18.03,7.48,44.57,121.51,909478,74.65,1.573,23.77,Southwest Airlines
2022,5,WN,IAH,35,1,4,7.82,7.74,21.24,8.59,44.06,175.29,44396,85.71,2.857,11.43,Southwest Airlines
2022,6,AA,HOU,51,0,15,10.9,12.76,17.47,7.27,47.16,118.22,41886,70.59,0.0,29.41,American Airlines
2022,6,AA,IAH,510,7,98,7.55,8.66,18.3,7.4,45.2,91.99,320212,79.41,1.373,19.22,American Airlines
2022,6,AS,HOU,51,0,9,4.24,5.78,19.49,7.2,45.92,123.9,43972,82.35,0.0,17.65,Alaska Airlines
2022,6,AS,IAH,54,0,13,6.96,9.13,18.17,8.41,44.96,159.89,62256,75.93,0.0,24.07,Alaska Airlines
2022,6,B6,HOU,57,0,12,7.32,9.12,20.39,8.09,45.18,122.95,49071,78.95,0.0,21.05,JetBlue Airways
2022,6,B6,IAH,44,0,13,8.8,10.07,18.45,7.84,42.45,157.61,50128,70.45,0.0,29.55,JetBlue Airways
2022,6,DL,HOU,48,1,12,9.98,12.49,17.81,6.53,46.62,125.34,41911,72.92,2.083,25.0,Delta Air Lines
2022,6,DL,IAH,91,1,19,7.76,9.26,17.7,7.88,45.56,135.63,86990,78.02,1.099,20.88,Delta Air Lines
2022,6,F9,HOU,57,1,11,5.84,6.52,18.0,7.88,43.88,116.18,45861,78.95,1.754,19.3,Frontier Airlines
2022,6,F9,IAH,28,1,4,3.37,4.48,19.67,8.41,46.74,136.63,27029,82.14,3.571,14.29,Frontier Airlines
2022,6,NK,HOU,175,4,38,7.53,9.72,17.56,7.51,44.94,135.42,165317,76.0,2.286,21.71,Spirit Airlines
2022,6,NK,IAH,50,0,12,7.0,8.66,17.26,6.74,42.74,150.0,53273,76.0,0.0,24.0,Spirit Airlines
2022,6,UA,HOU,46,0,10,5.74,7.91,17.24,7.04,44.11,124.48,39712,78.26,0.0,21.74,United Airlines
2022,6,UA,IAH,616,8,130,7.34,8.81,18.42,7.6,44.59,229.74,1043700,77.6,1.299,21.1,United Airlines
2022,6,WN,HOU,1157,17,296,8.76,10.64,18.77,7.57,45.07,122.3,982726,72.95,1.469,25.58,Southwest Airlines
2022,6,WN,IAH,47,1,13,8.33,10.17,17.98,6.91,46.85,162.37,54674,70.21,2.128,27.66,Southwest Airlines
2022,7,AA,HOU,42,0,9,6.33,8.26,19.05,7.81,40.86,131.69,38677,78.57,0.0,21.43,American Airlines
2022,7,AA,IAH,536,5,116,6.83,8.53,18.72,7.57,44.53,95.99,350566,77.43,0.933,21.64,American Airlines
2022,7,AS,HOU,43,0,7,3.53,4.7,20.4,7.07,38.88,116.95,34759,83.72,0.0,16.28,Alaska Airlines
2022,7,AS,IAH,50,0,12,7.4,8.8,17.98,7.12,42.4,158.38,56827,76.0,0.0,24.0,Alaska Airlines
2022,7,B6,HOU,61,1,19,11.1,12.75,19.37,7.53,45.6,118.32,50287,67.21,1.639,31.15,JetBlue Airways
2022,7,B6,IAH,43,0,8,4.49,6.09,19.07,7.63,46.51,164.09,50945,81.4,0.0,18.6,JetBlue Airways
2022,7,DL,HOU,47,0,9,7.55,9.36,17.89,7.83,43.4,133.87,43797,80.85,0.0,19.15,Delta Air Lines
2022,7,DL,IAH,120,2,18,4.48,5.83,18.44,7.58,45.7,150.05,129085,83.33,1.667,15.0,Delta Air Lines
2022,7,F9,HOU,61,3,22,16.57,19.03,18.03,7.5,43.41,133.03,56425,59.02,4.918,36.07,Frontier Airlines
2022,7,F9,IAH,59,0,11,4.17,4.75,19.1,8.17,43.39,178.19,76525,81.36,0.0,18.64,Frontier Airlines
2022,7,NK,HOU,185,2,42,6.49,8.36,17.49,7.2,44.61,137.36,177335,76.22,1.081,22.7,Spirit Airlines
2022,7,NK,IAH,62,1,11,4.89,6.52,17.62,7.25,45.3,176.13,78545,80.65,1.613,17.74,Spirit Airlines
2022,7,UA,HOU,50,1,8,6.84,7.61,18.67,7.45,46.43,131.67,45625,82.0,2.0,16.0,United Airlines
2022,7,UA,IAH,597,1,128,6.51,7.92,19.3,7.59,44.77,225.74,994052,78.39,0.168,21.44,United Airlines
2022,7,WN,HOU,1252,16,287,8.04,9.8,18.28,7.57,44.35,120.91,1047984,75.8,1.278,22.92,Southwest Airlines
2022,7,WN,IAH,59,0,15,9.81,11.51,19.14,7.53,44.07,150.14,63209,74.58,0.0,25.42,Southwest Airlines
2022,8,AA,HOU,52,1,12,5.73,7.45,19.33,7.24,45.84,123.47,44410,75.0,1.923,23.08,American Airlines
2022,8,AA,IAH,535,6,110,7.84,9.62,18.7,7.27,44.85,93.54,346491,78.32,1.121,20.56,American Airlines
2022,8,AS,HOU,61,1,8,2.85,3.52,20.13,7.33,46.85,126.33,53446,85.25,1.639,13.11,Alaska Airlines
2022,8,AS,IAH,40,0,9,10.65,11.58,20.65,7.08,44.72,194.05,56791,77.5,0.0,22.5,Alaska Airlines
2022,8,B6,HOU,53,0,14,12.26,13.83,17.87,7.45,44.26,128.36,47750,73.58,0.0,26.42,JetBlue Airways
2022,8,B6,IAH,46,0,13,7.33,8.87,17.48,6.93,44.89,145.57,47521,71.74,0.0,28.26,JetBlue Airways
2022,8,DL,HOU,48,0,9,5.48,7.17,17.65,7.75,43.38,120.65,40233,81.25,0.0,18.75,Delta Air Lines
2022,8,DL,IAH,91,1,18,8.63,10.27,18.26,8.22,43.36,138.8,88845,79.12,1.099,19.78,Delta Air Lines
2022,8,F9,HOU,57,0,13,7.35,8.67,17.26,8.0,44.63,123.19,48663,77.19,0.0,22.81,Frontier Airlines
2022,8,F9,IAH,48,0,17,11.12,13.69,17.19,7.23,48.83,151.04,51419,64.58,0.0,35.42,Frontier Airlines
2022,8,NK,HOU,183,2,44,10.28,11.85,18.57,7.74,43.19,135.38,172233,74.86,1.093,24.04,Spirit Airlines
2022,8,NK,IAH,45,0,10,3.84,5.02,18.27,8.29,45.22,142.8,45725,77.78,0.0,22.22,Spirit Airlines
2022,8,UA,HOU,51,0,10,10.9,12.06,18.67,7.22,45.04,117.63,41873,80.39,0.0,19.61,United Airlines
2022,8,UA,IAH,616,2,117,6.92,8.16,18.96,7.57,44.85,230.94,1046340,80.68,0.325,18.99,United Airlines
2022,8,WN,HOU,1162,15,264,6.93,8.54,18.46,7.6,44.63,121.87,982929,75.99,1.291,22.72,Southwest Airlines
2022,8,WN,IAH,42,1,13,12.95,15.12,18.66,7.68,40.73,138.2,42471,66.67,2.381,30.95,Southwest Airlines
2022,9,AA,HOU,54,0,11,3.76,5.26,19.63,7.72,45.94,124.87,46217,79.63,0.0,20.37,American Airlines
2022,9,AA,IAH,449,3,109,9.85,11.44,18.94,7.59,44.4,94.54,288970,75.06,0.668,24.28,American Airlines
2022,9,AS,HOU,39,1,7,9.11,10.26,19.45,7.29,44.58,123.29,33564,79.49,2.564,17.95,Alaska Airlines
2022,9,AS,IAH,29,1,5,3.86,6.0,16.5,7.61,41.18,126.0,26009,79.31,3.448,17.24,Alaska Airlines
2022,9,B6,HOU,48,0,11,5.9,8.06,20.21,7.77,44.23,105.73,34759,77.08,0.0,22.92,JetBlue Airways
2022,9,B6,IAH,34,0,8,8.94,11.15,15.5,8.5,42.97,174.62,43792,76.47,0.0,23.53,JetBlue Airways
2022,9,DL,HOU,47,0,6,2.66,3.57,17.38,7.89,45.36,132.0,43777,87.23,0.0,12.77,Delta Air Lines
2022,9,DL,IAH,89,2,25,9.98,11.76,18.13,7.84,45.21,128.26,79486,69.66,2.247,28.09,Delta Air Lines
2022,9,F9,HOU,45,2,12,8.65,10.44,18.14,6.98,45.49,123.26,38323,68.89,4.444,26.67,Frontier Airlines
2022,9,F9,IAH,34,0,10,20.03,22.53,18.88,7.32,46.21,162.32,39558,70.59,0.0,29.41,Frontier Airlines
2022,9,NK,HOU,165,0,52,11.92,14.15,18.48,7.32,43.92,133.54,154125,68.48,0.0,31.52,Spirit Airlines
2022,9,NK,IAH,30,1,4,4.79,6.1,18.34,8.83,43.45,136.17,29181,83.33,3.333,13.33,Spirit Airlines
2022,9,UA,HOU,43,0,5,4.12,4.79,17.21,8.63,42.51,121.26,35643,88.37,0.0,11.63,United Airlines
2022,9,UA,IAH,511,8,100,7.74,9.06,18.61,7.58,44.69,233.75,876499,78.86,1.566,19.57,United Airlines
2022,9,WN,HOU,952,6,209,9.27,10.7,18.89,7.38,44.45,122.53,810475,77.42,0.63,21.95,Southwest Airlines
2022,9,WN,IAH,47,0,11,13.64,15.13,18.7,7.53,45.74,175.47,59382,76.6,0.0,23.4,Southwest Airlines
2022,10,AA,HOU,52,0,9,7.27,8.42,16.6,7.5,41.65,114.71,41317,82.69,0.0,17.31,American Airlines
2022,10,AA,IAH,467,2,97,7.06,8.77,18.59,7.46,44.48,91.46,291239,78.8,0.428,20.77,American Airlines
2022,10,AS,HOU,57,0,9,5.23,6.44,17.72,7.25,45.49,125.11,49706,84.21,0.0,15.79,Alaska Airlines
2022,10,AS,IAH,40,0,8,5.12,6.48,17.75,7.48,45.7,139.15,39580,80.0,0.0,20.0,Alaska Airlines
2022,10,B6,HOU,31,0,7,4.0,4.9,17.48,7.06,42.77,120.65,25672,77.42,0.0,22.58,JetBlue Airways
2022,10,B6,IAH,37,1,6,7.17,9.0,17.31,7.69,44.44,137.42,34879,81.08,2.703,16.22,JetBlue Airways
2022,10,DL,HOU,34,0,4,1.76,3.0,17.68,8.09,44.32,102.82,24314,88.24,0.0,11.76,Delta Air Lines
2022,10,DL,IAH,86,1,15,5.12,6.2,16.08,7.74,44.08,142.54,86540,81.4,1.163,17.44,Delta Air Lines
2022,10,F9,HOU,48,1,13,20.49,22.4,18.62,6.51,44.89,127.26,42752,70.83,2.083,27.08,Frontier Airlines
2022,10,F9,IAH,38,0,12,5.47,9.0,18.79,7.74,43.68,168.68,46594,68.42,0.0,31.58,Frontier Airlines
2022,10,NK,HOU,163,1,41,7.93,9.64,18.24,7.52,43.23,136.34,156125,74.23,0.613,25.15,Spirit Airlines
2022,10,NK,IAH,43,0,10,5.79,7.58,19.21,7.56,45.53,153.0,46918,76.74,0.0,23.26,Spirit Airlines
2022,10,UA,HOU,35,0,4,3.4,4.26,18.83,7.31,48.23,126.63,30810,88.57,0.0,11.43,United Airlines
2022,10,UA,IAH,551,5,108,6.55,7.83,18.74,7.7,44.61,230.79,941689,79.49,0.907,19.6,United Airlines
2022,10,WN,HOU,1050,18,239,8.42,10.27,18.38,7.69,44.02,122.3,892214,75.52,1.714,22.76,Southwest Airlines
2022,10,WN,IAH,28,0,9,8.29,10.11,17.61,7.57,45.5,172.68,34941,67.86,0.0,32.14,Southwest Airlines
2022,11,AA,HOU,44,2,10,7.0,8.43,18.67,7.71,45.5,128.81,39493,72.73,4.545,22.73,American Airlines
2022,11,AA,IAH,481,8,109,7.24,8.92,18.85,7.59,44.11,92.03,300388,75.68,1.663,22.66,American Airlines
2022,11,AS,HOU,46,0,6,4.43,5.57,18.87,6.93,45.09,128.17,41484,86.96,0.0,13.04,Alaska Airlines
2022,11,AS,IAH,48,2,7,4.85,5.59,17.8,8.04,45.41,164.15,56172,81.25,4.167,14.58,Alaska Airlines
2022,11,B6,HOU,46,0,10,15.13,16.39,17.93,7.85,46.28,131.85,42125,78.26,0.0,21.74,JetBlue Airways
2022,11,B6,IAH,38,0,6,4.16,5.26,18.97,7.34,41.5,170.5,46789,84.21,0.0,15.79,JetBlue Airways
2022,11,DL,HOU,52,1,11,11.63,13.69,19.39,7.65,43.14,122.98,45144,76.92,1.923,21.15,Delta Air Lines
2022,11,DL,IAH,102,2,19,6.88,7.82,19.5,7.75,42.93,127.96,92881,79.41,1.961,18.63,Delta Air Lines
2022,11,F9,HOU,47,0,13,5.83,7.55,17.3,7.7,44.3,124.26,40919,72.34,0.0,27.66,Frontier Airlines
2022,11,F9,IAH,46,1,8,6.47,7.89,20.09,7.44,43.58,160.98,52241,80.43,2.174,17.39,Frontier Airlines
2022,11,NK,HOU,157,4,40,9.97,11.79,18.04,7.37,42.9,136.43,149163,71.97,2.548,25.48,Spirit Airlines
2022,11,NK,IAH,34,0,11,15.09,16.94,19.24,6.91,43.65,161.97,39203,67.65,0.0,32.35,Spirit Airlines
2022,11,UA,HOU,59,0,12,5.41,6.19,18.17,7.41,42.56,114.53,47114,79.66,0.0,20.34,United Airlines
2022,11,UA,IAH,559,13,123,8.29,9.94,18.52,7.48,45.49,228.51,945757,75.67,2.326,22.0,United Airlines
2022,11,WN,HOU,1089,17,241,8.39,9.98,18.17,7.52,44.32,121.46,917732,76.31,1.561,22.13,Southwest Airlines
2022,11,WN,IAH,44,0,14,7.64,9.66,18.8,7.93,47.45,192.95,61684,68.18,0.0,31.82,Southwest Airlines
2022,12,AA,HOU,51,0,13,9.86,12.16,17.39,7.27,45.39,124.71,44283,74.51,0.0,25.49,American Airlines
2022,12,AA,IAH,508,14,113,8.23,9.73,18.54,7.66,44.33,90.9,315167,75.0,2.756,22.24,American Airlines
2022,12,AS,HOU,46,4,9,5.83,6.98,19.55,8.33,43.95,141.02,42910,71.74,8.696,19.57,Alaska Airlines
2022,12,AS,IAH,54,1,12,13.51,15.89,17.89,8.19,45.98,171.0,65664,75.93,1.852,22.22,Alaska Airlines
2022,12,B6,HOU,45,1,8,6.27,7.09,14.75,7.82,43.41,124.36,38430,80.0,2.222,17.78,JetBlue Airways
2022,12,B6,IAH,49,3,12,9.09,10.26,20.0,8.11,45.93,171.02,61899,69.39,6.122,24.49,JetBlue Airways
2022,12,DL,HOU,49,1,11,8.46,10.9,17.85,6.98,46.65,134.65,46090,75.51,2.041,22.45,Delta Air Lines
2022,12,DL,IAH,103,3,22,7.51,8.85,18.89,7.64,45.58,133.7,96718,75.73,2.913,21.36,Delta Air Lines
2022,12,F9,HOU,46,2,11,9.07,11.41,17.59,8.3,45.41,117.07,37389,71.74,4.348,23.91,Frontier Airlines
2022,12,F9,IAH,48,1,16,11.47,13.62,20.6,7.28,47.15,170.74,59405,64.58,2.083,33.33,Frontier Airlines
2022,12,NK,HOU,165,6,39,8.18,9.81,19.5,7.25,43.1,135.78,156120,72.73,3.636,23.64,Spirit Airlines
2022,12,NK,IAH,57,3,16,13.06,15.06,16.96,7.15,43.91,141.44,58613,66.67,5.263,28.07,Spirit Airlines
2022,12,UA,HOU,72,2,13,6.37,7.96,18.93,7.26,43.94,125.87,62764,79.17,2.778,18.06,United Airlines
2022,12,UA,IAH,574,11,99,6.29,7.41,18.63,7.52,44.49,231.52,981571,80.84,1.916,17.25,United Airlines
2022,12,WN,HOU,1159,32,244,8.51,10.0,18.62,7.59,44.43,121.62,973886,76.19,2.761,21.05,Southwest Airlines
2022,12,WN,IAH,37,1,7,9.61,10.67,17.83,7.22,46.0,172.67,45020,78.38,2.703,18.92,Southwest Airlines
2023,1,AA,HOU,37,0,8,5.59,6.43,18.22,7.59,44.51,132.43,34204,78.38,0.0,21.62,American Airlines
2023,1,AA,IAH,401,14,68,6.19,7.6,17.76,7.62,44.9,109.92,304140,79.55,3.491,16.96,American Airlines
2023,1,AS,HOU,38,1,7,7.76,9.73,18.08,8.11,43.7,128.68,33693,78.95,2.632,18.42,Alaska Airlines
2023,1,AS,IAH,37,2,10,14.71,16.77,17.63,7.63,41.66,145.49,37596,67.57,5.405,27.03,Alaska Airlines
2023,1,B6,HOU,47,0,12,16.15,17.83,17.83,7.85,42.77,133.23,43746,74.47,0.0,25.53,JetBlue Airways
2023,1,B6,IAH,34,1,6,7.06,8.36,18.58,7.09,46.03,164.48,39492,79.41,2.941,17.65,JetBlue Airways
2023,1,DL,HOU,43,0,8,2.79,3.49,16.33,8.14,45.42,126.21,37897,81.4,0.0,18.6,Delta Air Lines
2023,1,DL,IAH,169,4,31,5.88,7.18,17.53,7.81,45.64,125.3,146628,79.29,2.367,18.34,Delta Air Lines
2023,1,F9,HOU,47,0,11,11.17,13.02,17.53,7.53,46.77,141.74,46279,76.6,0.0,23.4,Frontier Airlines
2023,1,F9,IAH,38,1,10,10.78,12.73,17.78,7.51,47.73,167.68,45388,71.05,2.632,26.32,Frontier Airlines
2023,1,NK,HOU,120,2,24,6.53,8.23,17.87,7.57,45.1,139.34,116855,78.33,1.667,20.0,Spirit Airlines
2023,1,NK,IAH,37,2,11,13.03,15.37,18.23,7.89,48.34,140.57,36606,64.86,5.405,29.73,Spirit Airlines
2023,1,UA,HOU,40,0,3,1.55,1.92,15.52,7.72,44.12,145.45,40653,92.5,0.0,7.5,United Airlines
2023,1,UA,IAH,547,20,109,6.41,7.58,19.1,7.46,44.19,191.79,760344,76.42,3.656,19.93,United Airlines
2023,1,WN,HOU,987,17,213,8.4,9.72,18.25,7.71,44.6,130.76,896668,76.7,1.722,21.58,Southwest Airlines
2023,1,WN,IAH,39,0,8,6.49,8.77,16.82,7.82,44.26,152.69,42432,79.49,0.0,20.51,Southwest Airlines
2023,2,AA,HOU,34,1,8,11.36,12.21,18.52,7.24,47.67,118.33,28472,73.53,2.941,23.53,American Airlines
2023,2,AA,IAH,359,11,59,6.92,8.23,19.07,7.7,43.83,111.51,278130,80.5,3.064,16.43,American Airlines
2023,2,AS,HOU,35,1,6,6.65,8.97,19.82,7.24,42.44,145.26,35101,80.0,2.857,17.14,Alaska Airlines
2023,2,AS,IAH,34,1,5,7.42,7.42,17.09,7.06,49.15,136.52,32870,82.35,2.941,14.71,Alaska Airlines
2023,2,B6,HOU,51,1,10,9.62,11.24,18.68,7.78,46.78,133.84,46876,78.43,1.961,19.61,JetBlue Airways
2023,2,B6,IAH,49,1,13,12.83,14.6,18.6,7.81,43.38,140.35,49101,71.43,2.041,26.53,JetBlue Airways
2023,2,DL,HOU,42,4,4,4.11,5.21,17.63,7.58,43.84,133.68,37976,80.95,9.524,9.52,Delta Air Lines
2023,2,DL,IAH,154,0,25,4.96,6.53,18.47,7.69,45.57,122.27,130000,83.77,0.0,16.23,Delta Air Lines
2023,2,F9,HOU,36,0,8,12.53,14.08,19.11,7.67,45.94,121.94,30484,77.78,0.0,22.22,Frontier Airlines
2023,2,F9,IAH,35,1,8,6.97,8.24,21.85,8.09,43.94,152.09,38022,74.29,2.857,22.86,Frontier Airlines
2023,2,NK,HOU,120,7,27,10.29,11.45,18.3,7.56,44.19,134.12,111742,71.67,5.833,22.5,Spirit Airlines
2023,2,NK,IAH,40,1,12,21.13,23.69,20.1,6.92,43.74,151.26,41678,67.5,2.5,30.0,Spirit Airlines
2023,2,UA,HOU,37,1,8,7.31,9.97,19.42,7.5,44.06,131.0,34037,75.68,2.703,21.62,United Airlines
2023,2,UA,IAH,499,11,83,5.02,6.12,18.25,7.72,44.01,194.05,699164,81.16,2.204,16.63,United Airlines
2023,2,WN,HOU,901,33,166,8.86,10.06,18.44,7.59,44.71,132.38,830709,77.91,3.663,18.42,Southwest Airlines
2023,2,WN,IAH,35,1,4,6.47,6.88,18.12,7.26,48.41,152.44,38406,85.71,2.857,11.43,Southwest Airlines
2023,3,AA,HOU,49,1,12,10.65,11.96,17.6,7.44,41.12,126.42,43193,73.47,2.041,24.49,American Airlines
2023,3,AA,IAH,428,8,69,4.38,5.2,17.62,7.51,43.82,108.82,320483,82.01,1.869,16.12,American Airlines
2023,3,AS,HOU,44,1,8,4.12,5.47,19.4,7.49,45.26,131.58,41068,79.55,2.273,18.18,Alaska Airlines
2023,3,AS,IAH,30,0,2,1.0,1.93,18.13,8.17,47.43,163.63,35143,93.33,0.0,6.67,Alaska Airlines
2023,3,B6,HOU,36,0,7,7.25,7.69,18.89,7.25,41.86,121.42,30383,80.56,0.0,19.44,JetBlue Airways
2023,3,B6,IAH,54,1,13,8.79,9.68,18.92,8.26,42.47,160.25,62440,74.07,1.852,24.07,JetBlue Airways
2023,3,DL,HOU,40,1,3,1.15,1.33,16.36,7.36,42.92,130.59,36656,90.0,2.5,7.5,Delta Air Lines
2023,3,DL,IAH,183,2,33,6.02,7.6,18.29,7.7,46.89,118.28,150573,80.87,1.093,18.03,Delta Air Lines
2023,3,F9,HOU,46,0,6,3.96,4.61,18.11,7.02,43.3,130.72,42092,86.96,0.0,13.04,Frontier Airlines
2023,3,F9,IAH,42,1,8,6.24,8.54,19.22,8.27,43.29,140.2,41201,78.57,2.381,19.05,Frontier Airlines
2023,3,NK,HOU,129,4,26,6.47,8.03,20.06,7.6,45.11,136.85,123636,76.74,3.101,20.16,Spirit Airlines
2023,3,NK,IAH,48,0,10,4.88,6.27,18.31,8.52,44.83,158.46,54641,79.17,0.0,20.83,Spirit Airlines
2023,3,UA,HOU,46,1,7,5.47,6.18,17.24,7.78,44.87,127.64,40998,82.61,2.174,15.22,United Airlines
2023,3,UA,IAH,565,11,107,6.72,7.87,18.69,7.51,44.31,193.37,787519,79.12,1.947,18.94,United Airlines
2023,3,WN,HOU,1077,13,206,6.28,7.74,18.4,7.45,44.8,132.01,991254,79.67,1.207,19.13,Southwest Airlines
2023,3,WN,IAH,54,0,10,9.11,10.11,18.76,7.8,47.26,181.37,70803,81.48,0.0,18.52,Southwest Airlines
2023,4,AA,HOU,49,2,11,7.47,8.32,17.53,7.38,44.0,135.55,45766,73.47,4.082,22.45,American Airlines
2023,4,AA,IAH,417,4,96,7.44,8.94,18.86,7.73,44.77,110.01,318625,76.02,0.959,23.02,American Airlines
2023,4,AS,HOU,52,3,6,4.47,4.61,17.94,7.22,44.14,138.86,50473,82.69,5.769,11.54,Alaska Airlines
2023,4,AS,IAH,45,0,10,13.91,14.11,18.53,7.62,44.53,171.76,56471,77.78,0.0,22.22,Alaska Airlines
2023,4,B6,HOU,25,1,2,8.38,9.12,18.54,7.0,45.29,131.25,22317,88.0,4.0,8.0,JetBlue Airways
2023,4,B6,IAH,38,1,4,3.22,3.84,21.32,7.76,40.62,158.89,42850,86.84,2.632,10.53,JetBlue Airways
2023,4,DL,HOU,35,0,8,4.63,6.31,18.2,7.23,44.14,131.17,32154,77.14,0.0,22.86,Delta Air Lines
2023,4,DL,IAH,168,2,24,6.23,7.46,17.77,7.81,43.2,119.23,139471,84.52,1.19,14.29,Delta Air Lines
2023,4,F9,HOU,46,1,16,14.62,16.93,17.82,7.62,43.96,131.91,42017,63.04,2.174,34.78,Frontier Airlines
2023,4,F9,IAH,45,2,9,8.81,10.53,17.37,6.86,48.79,134.67,42992,75.56,4.444,20.0,Frontier Airlines
2023,4,NK,HOU,137,2,30,9.63,11.55,18.96,7.44,44.37,136.87,130462,76.64,1.46,21.9,Spirit Airlines
2023,4,NK,IAH,43,0,9,8.49,9.77,17.3,7.3,43.26,143.95,43788,79.07,0.0,20.93,Spirit Airlines
2023,4,UA,HOU,38,0,7,7.66,8.55,16.76,7.74,44.03,151.39,40356,81.58,0.0,18.42,United Airlines
2023,4,UA,IAH,594,8,107,7.28,8.55,18.58,7.55,43.86,191.48,820661,80.64,1.347,18.01,United Airlines
2023,4,WN,HOU,1068,9,247,7.81,9.3,18.85,7.69,45.26,130.63,970455,76.03,0.843,23.13,Southwest Airlines
2023,4,WN,IAH,42,2,7,7.88,9.5,19.7,7.6,46.02,155.95,46709,78.57,4.762,16.67,Southwest Airlines
2023,5,AA,HOU,50,2,10,10.56,11.62,20.73,7.48,42.23,131.83,46438,76.0,4.0,20.0,American Airlines
2023,5,AA,IAH,451,5,82,6.56,7.96,18.52,7.52,43.91,108.97,339931,80.71,1.109,18.18,American Airlines
2023,5,AS,HOU,53,1,4,2.44,2.81,20.08,7.63,45.44,130.5,48559,90.57,1.887,7.55,Alaska Airlines
2023,5,AS,IAH,42,0,8,6.1,7.29,19.21,7.9,46.95,150.93,45147,80.95,0.0,19.05,Alaska Airlines
2023,5,B6,HOU,55,1,14,5.52,8.06,17.67,6.87,44.3,142.87,55128,72.73,1.818,25.45,JetBlue Airways
2023,5,B6,IAH,40,0,8,12.82,14.05,20.62,7.82,44.78,189.68,55306,80.0,0.0,20.0,JetBlue Airways
2023,5,DL,HOU,40,1,5,4.08,4.74,16.92,7.59,43.41,132.31,36124,85.0,2.5,12.5,Delta Air Lines
2023,5,DL,IAH,190,2,32,7.03,8.32,18.7,7.21,44.62,125.41,166062,82.11,1.053,16.84,Delta Air Lines
2023,5,F9,HOU,39,0,13,11.26,14.03,19.08,7.92,42.15,135.9,37010,66.67,0.0,33.33,Frontier Airlines
2023,5,F9,IAH,37,0,11,14.95,17.08,18.78,7.11,41.7,127.3,33167,70.27,0.0,29.73,Frontier Airlines
2023,5,NK,HOU,133,1,23,5.34,6.44,19.31,7.59,44.45,137.63,128819,81.95,0.752,17.29,Spirit Airlines
2023,5,NK,IAH,41,0,9,6.12,8.05,18.0,7.49,44.76,154.0,44798,78.05,0.0,21.95,Spirit Airlines
2023,5,UA,HOU,50,1,13,12.59,14.47,18.06,7.9,47.53,132.98,45664,72.0,2.0,26.0,United Airlines
2023,5,UA,IAH,663,7,119,6.11,7.27,18.91,7.68,44.42,186.6,892613,81.0,1.056,17.95,United Airlines
2023,5,WN,HOU,1155,13,243,7.31,8.78,18.32,7.53,44.81,130.93,1051294,77.84,1.126,21.04,Southwest Airlines
2023,5,WN,IAH,47,0,14,6.28,8.4,19.11,8.51,44.91,179.36,61101,70.21,0.0,29.79,Southwest Airlines
2023,6,AA,HOU,61,1,13,6.43,8.57,19.17,7.1,46.18,135.3,58077,77.05,1.639,21.31,American Airlines
2023,6,AA,IAH,464,5,97,7.72,9.17,18.63,7.65,44.38,105.42,337505,78.02,1.078,20.91,American Airlines
2023,6,AS,HOU,51,1,11,7.44,9.54,18.12,6.74,47.96,138.82,49799,76.47,1.961,21.57,Alaska Airlines
2023,6,AS,IAH,50,1,8,7.27,8.67,19.22,7.18,45.08,178.22,63066,82.0,2.0,16.0,Alaska Airlines
2023,6,B6,HOU,50,2,12,7.98,9.69,18.62,7.46,45.67,139.58,49356,72.0,4.0,24.0,JetBlue Airways
2023,6,B6,IAH,41,1,7,5.0,5.92,17.48,7.75,44.25,128.02,37176,80.49,2.439,17.07,JetBlue Airways
2023,6,DL,HOU,58,1,13,8.44,9.84,17.54,7.32,44.72,136.0,54342,75.86,1.724,22.41,Delta Air Lines
2023,6,DL,IAH,195,1,29,7.75,8.87,19.16,7.6,44.08,124.21,168028,84.62,0.513,14.87,Delta Air Lines
2023,6,F9,HOU,44,0,13,8.91,10.77,17.75,7.66,44.39,127.73,38812,70.45,0.0,29.55,Frontier Airlines
2023,6,F9,IAH,56,0,14,6.68,8.96,16.29,7.59,43.82,142.43,56267,75.0,0.0,25.0,Frontier Airlines
2023,6,NK,HOU,155,0,41,9.37,11.41,18.83,7.92,44.48,139.74,151489,73.55,0.0,26.45,Spirit Airlines
2023,6,NK,IAH,61,2,15,6.95,9.56,17.9,7.56,45.9,150.64,64994,72.13,3.279,24.59,Spirit Airlines
2023,6,UA,HOU,48,1,10,9.94,11.32,18.87,7.47,44.66,135.87,44603,77.08,2.083,20.83,United Airlines
2023,6,UA,IAH,700,9,140,7.88,9.36,18.77,7.66,44.78,191.8,970110,78.71,1.286,20.0,United Airlines
2023,6,WN,HOU,1208,15,238,6.77,8.05,18.17,7.65,44.03,130.42,1094558,79.06,1.242,19.7,Southwest Airlines
2023,6,WN,IAH,40,0,6,4.1,5.6,19.6,7.38,45.08,159.1,45225,85.0,0.0,15.0,Southwest Airlines
2023,7,AA,HOU,53,0,10,6.26,7.34,20.3,7.17,44.13,129.43,47889,81.13,0.0,18.87,American Airlines
2023,7,AA,IAH,497,8,97,5.71,6.97,19.02,7.79,44.18,108.55,370431,78.87,1.61,19.52,American Airlines
2023,7,AS,HOU,51,0,11,10.12,11.04,18.86,7.65,44.61,124.59,44455,78.43,0.0,21.57,Alaska Airlines
2023,7,AS,IAH,53,0,11,4.85,6.42,15.85,7.85,43.87,147.74,55516,79.25,0.0,20.75,Alaska Airlines
2023,7,B6,HOU,58,0,14,8.66,10.09,19.48,7.34,46.64,134.64,54584,75.86,0.0,24.14,JetBlue Airways
2023,7,B6,IAH,45,0,10,6.44,8.93,17.24,7.4,41.42,162.36,52161,77.78,0.0,22.22,JetBlue Airways
2023,7,DL,HOU,49,0,6,4.06,5.08,19.43,7.14,43.33,121.24,41053,87.76,0.0,12.24,Delta Air Lines
2023,7,DL,IAH,225,5,35,6.74,7.42,18.67,7.55,45.36,126.97,198995,82.22,2.222,15.56,Delta Air Lines
2023,7,F9,HOU,58,0,14,4.84,7.02,19.66,7.4,41.22,126.6,51051,75.86,0.0,24.14,Frontier Airlines
2023,7,F9,IAH,56,0,8,4.91,5.8,18.48,7.5,43.25,162.71,65338,85.71,0.0,14.29,Frontier Airlines
2023,7,NK,HOU,154,2,42,11.33,13.64,19.14,7.59,46.22,138.23,149482,71.43,1.299,27.27,Spirit Airlines
2023,7,NK,IAH,67,2,12,4.29,5.97,18.88,7.68,44.43,152.63,72218,79.1,2.985,17.91,Spirit Airlines
2023,7,UA,HOU,57,0,4,4.39,4.51,18.12,7.74,43.74,141.77,56577,92.98,0.0,7.02,United Airlines
2023,7,UA,IAH,698,7,121,5.91,7.03,18.59,7.58,45.21,191.47,965496,81.66,1.003,17.34,United Airlines
2023,7,WN,HOU,1296,22,285,7.72,9.24,18.24,7.54,44.81,131.58,1188184,76.31,1.698,21.99,Southwest Airlines
2023,7,WN,IAH,62,0,16,10.65,11.26,18.76,7.6,44.42,149.85,66462,74.19,0.0,25.81,Southwest Airlines
2023,8,AA,HOU,44,0,8,10.25,10.91,18.0,8.09,43.25,134.41,41273,81.82,0.0,18.18,American Airlines
2023,8,AA,IAH,494,6,125,7.52,9.49,18.31,7.67,44.78,108.57,370486,73.48,1.215,25.3,American Airlines
2023,8,AS,HOU,61,1,9,10.32,11.88,18.82,7.6,43.67,124.55,52904,83.61,1.639,14.75,Alaska Airlines
2023,8,AS,IAH,41,1,7,6.98,7.78,18.82,7.52,42.7,151.82,43227,80.49,2.439,17.07,Alaska Airlines
2023,8,B6,HOU,57,1,8,5.88,7.52,17.7,7.96,43.98,135.96,53583,84.21,1.754,14.04,JetBlue Airways
2023,8,B6,IAH,52,0,15,6.62,8.38,18.37,8.33,44.75,169.96,63726,71.15,0.0,28.85,JetBlue Airways
2023,8,DL,HOU,51,0,9,3.55,4.35,20.45,7.75,43.06,135.14,48064,82.35,0.0,17.65,Delta Air Lines
2023,8,DL,IAH,191,1,35,5.76,6.78,18.46,7.6,43.93,120.25,159496,81.15,0.524,18.32,Delta Air Lines
2023,8,F9,HOU,51,0,14,9.45,10.63,17.2,7.0,44.35,142.24,50743,72.55,0.0,27.45,Frontier Airlines
2023,8,F9,IAH,64,0,13,3.97,5.84,17.0,8.12,45.06,146.3,66430,79.69,0.0,20.31,Frontier Airlines
2023,8,NK,HOU,155,2,36,7.78,9.11,16.88,7.14,43.8,135.3,146100,75.48,1.29,23.23,Spirit Airlines
2023,8,NK,IAH,60,1,20,12.36,13.27,17.34,7.36,44.75,151.86,65390,65.0,1.667,33.33,Spirit Airlines
2023,8,UA,HOU,58,0,15,5.83,8.97,18.05,7.91,41.43,137.74,55828,74.14,0.0,25.86,United Airlines
2023,8,UA,IAH,676,12,116,5.83,6.99,18.13,7.26,44.55,192.0,934933,81.07,1.775,17.16,United Airlines
2023,8,WN,HOU,1223,18,264,7.92,9.49,18.59,7.54,44.44,131.17,1115505,76.94,1.472,21.59,Southwest Airlines
2023,8,WN,IAH,54,0,12,6.67,7.94,18.67,7.7,43.13,173.93,68494,77.78,0.0,22.22,Southwest Airlines
2023,9,AA,HOU,45,0,8,5.47,6.76,16.2,7.8,46.56,148.6,46590,82.22,0.0,17.78,American Airlines
2023,9,AA,IAH,388,2,68,4.93,5.87,18.54,7.72,43.79,104.66,281144,81.96,0.515,17.53,American Airlines
2023,9,AS,HOU,35,0,11,14.06,16.57,19.66,7.97,44.97,140.6,34074,68.57,0.0,31.43,Alaska Airlines
2023,9,AS,IAH,58,1,9,3.63,3.81,18.95,7.44,45.93,140.68,56597,82.76,1.724,15.52,Alaska Airlines
2023,9,B6,HOU,45,1,10,4.5,6.09,18.41,7.02,42.02,132.18,41686,75.56,2.222,22.22,JetBlue Airways
2023,9,B6,IAH,53,1,12,8.04,9.6,17.87,7.65,46.15,149.58,56768,75.47,1.887,22.64,JetBlue Airways
2023,9,DL,HOU,42,0,5,3.05,4.1,17.93,6.83,45.81,130.86,38504,88.1,0.0,11.9,Delta Air Lines
2023,9,DL,IAH,161,0,28,5.15,6.2,19.05,7.57,45.26,122.09,135665,82.61,0.0,17.39,Delta Air Lines
2023,9,F9,HOU,39,1,12,7.66,8.21,17.29,7.66,44.45,133.03,36358,66.67,2.564,30.77,Frontier Airlines
2023,9,F9,IAH,41,0,7,12.29,14.02,19.61,8.0,40.59,154.8,45557,82.93,0.0,17.07,Frontier Airlines
2023,9,NK,HOU,138,1,27,5.8,7.28,19.07,7.78,44.26,134.13,128718,79.71,0.725,19.57,Spirit Airlines
2023,9,NK,IAH,50,1,17,12.92,14.78,18.76,7.43,45.18,153.73,55122,64.0,2.0,34.0,Spirit Airlines
2023,9,UA,HOU,53,0,6,3.3,3.62,17.28,6.77,44.09,135.15,49686,88.68,0.0,11.32,United Airlines
2023,9,UA,IAH,573,7,103,5.51,6.79,18.28,7.42,44.28,193.86,802034,80.8,1.222,17.98,United Airlines
2023,9,WN,HOU,1025,17,204,6.61,7.93,18.14,7.67,43.87,131.01,932719,78.44,1.659,19.9,Southwest Airlines
2023,9,WN,IAH,42,0,11,11.6,14.1,18.24,7.36,47.88,160.83,47905,73.81,0.0,26.19,Southwest Airlines
2023,10,AA,HOU,51,0,10,7.76,9.75,18.08,6.84,47.43,128.25,45774,80.39,0.0,19.61,American Airlines
2023,10,AA,IAH,434,8,75,7.93,9.12,17.98,7.54,45.8,108.34,325022,80.88,1.843,17.28,American Airlines
2023,10,AS,HOU,49,0,5,2.02,3.12,17.08,7.45,43.73,129.53,44137,89.8,0.0,10.2,Alaska Airlines
2023,10,AS,IAH,28,0,7,4.96,7.54,20.57,8.32,41.36,175.04,34944,75.0,0.0,25.0,Alaska Airlines
2023,10,B6,HOU,42,1,9,5.07,6.54,18.93,7.34,41.39,126.59,37240,76.19,2.381,21.43,JetBlue Airways
2023,10,B6,IAH,41,0,12,8.9,10.44,18.54,7.73,40.73,154.15,45349,70.73,0.0,29.27,JetBlue Airways
2023,10,DL,HOU,46,1,6,4.22,5.93,18.42,6.89,47.96,126.53,40199,84.78,2.174,13.04,Delta Air Lines
2023,10,DL,IAH,169,3,28,4.94,6.01,17.82,8.14,45.24,121.95,142757,81.66,1.775,16.57,Delta Air Lines
2023,10,F9,HOU,54,0,11,7.89,9.63,18.44,7.26,44.72,140.96,53412,79.63,0.0,20.37,Frontier Airlines
2023,10,F9,IAH,48,0,10,6.5,7.52,17.48,8.38,46.9,137.83,46240,79.17,0.0,20.83,Frontier Airlines
2023,10,NK,HOU,137,1,24,7.35,8.29,17.24,7.95,46.32,139.41,133720,81.75,0.73,17.52,Spirit Airlines
2023,10,NK,IAH,44,0,15,8.48,10.45,18.32,7.89,43.91,118.32,36496,65.91,0.0,34.09,Spirit Airlines
2023,10,UA,HOU,39,1,5,2.76,3.61,20.11,7.39,47.24,124.74,33605,84.62,2.564,12.82,United Airlines
2023,10,UA,IAH,619,5,120,6.55,8.12,18.18,7.5,43.95,192.34,865288,79.81,0.808,19.39,United Airlines
2023,10,WN,HOU,1082,9,216,6.86,8.35,17.77,7.71,45.13,131.78,991913,79.21,0.832,19.96,Southwest Airlines
2023,10,WN,IAH,57,2,8,3.75,4.8,19.95,7.42,43.33,168.38,67594,82.46,3.509,14.04,Southwest Airlines
2023,11,AA,HOU,36,0,7,21.81,22.83,21.75,8.31,41.75,135.08,34022,80.56,0.0,19.44,American Airlines
2023,11,AA,IAH,435,4,93,7.87,8.9,18.16,7.57,44.02,108.1,325632,77.7,0.92,21.38,American Airlines
2023,11,AS,HOU,55,2,11,10.32,11.68,20.68,7.53,46.36,123.11,46421,76.36,3.636,20.0,Alaska Airlines
2023,11,AS,IAH,52,0,7,4.23,5.6,19.04,6.63,44.52,131.58,48210,86.54,0.0,13.46,Alaska Airlines
2023,11,B6,HOU,45,0,3,2.69,2.67,17.51,7.71,47.64,127.96,40227,93.33,0.0,6.67,JetBlue Airways
2023,11,B6,IAH,50,0,10,4.16,5.34,17.04,8.3,45.36,144.44,50826,80.0,0.0,20.0,JetBlue Airways
2023,11,DL,HOU,38,1,7,7.22,8.62,16.49,7.97,47.22,126.46,33944,78.95,2.632,18.42,Delta Air Lines
2023,11,DL,IAH,186,0,31,6.26,7.19,18.24,7.69,45.98,121.55,157400,83.33,0.0,16.67,Delta Air Lines
2023,11,F9,HOU,44,0,14,8.05,11.23,15.89,7.25,43.18,131.16,40516,68.18,0.0,31.82,Frontier Airlines
2023,11,F9,IAH,47,1,11,13.72,15.35,18.5,7.02,47.48,151.98,51930,74.47,2.128,23.4,Frontier Airlines
2023,11,NK,HOU,146,3,36,6.85,8.32,18.28,7.55,44.42,138.92,140936,73.29,2.055,24.66,Spirit Airlines
2023,11,NK,IAH,49,1,12,11.96,13.88,20.4,7.48,42.79,155.08,55032,73.47,2.041,24.49,Spirit Airlines
2023,11,UA,HOU,52,1,11,6.31,7.65,18.82,7.53,47.0,125.24,44914,76.92,1.923,21.15,United Airlines
2023,11,UA,IAH,643,7,123,7.33,8.74,18.53,7.53,44.59,193.5,902524,79.78,1.089,19.13,United Airlines
2023,11,WN,HOU,1156,11,224,6.26,7.64,18.12,7.56,44.27,132.22,1065355,79.67,0.952,19.38,Southwest Airlines
2023,11,WN,IAH,48,0,9,4.17,5.31,18.38,7.65,45.85,135.31,45607,81.25,0.0,18.75,Southwest Airlines
2023,12,AA,HOU,46,2,9,10.86,12.8,16.14,7.7,44.64,124.27,40336,76.09,4.348,19.57,American Airlines
2023,12,AA,IAH,478,14,87,6.83,8.19,18.55,7.67,44.99,107.84,355125,78.87,2.929,18.2,American Airlines
2023,12,AS,HOU,52,1,9,4.61,5.43,17.57,6.94,45.53,137.61,49813,80.77,1.923,17.31,Alaska Airlines
2023,12,AS,IAH,41,1,10,9.18,11.32,18.08,7.6,45.2,160.07,47118,73.17,2.439,24.39,Alaska Airlines
2023,12,B6,HOU,57,5,7,4.52,5.52,16.71,7.73,43.33,135.12,53180,78.95,8.772,12.28,JetBlue Airways
2023,12,B6,IAH,56,1,14,8.0,10.27,18.96,7.84,45.93,159.02,64562,73.21,1.786,25.0,JetBlue Airways
2023,12,DL,HOU,52,3,10,6.35,8.29,18.84,7.78,42.67,130.45,46664,75.0,5.769,19.23,Delta Air Lines
2023,12,DL,IAH,198,4,35,6.59,7.66,17.61,7.35,44.91,124.04,170417,80.3,2.02,17.68,Delta Air Lines
2023,12,F9,HOU,57,1,15,10.14,12.38,17.71,7.55,42.7,122.3,48330,71.93,1.754,26.32,Frontier Airlines
2023,12,F9,IAH,43,2,10,11.54,12.73,18.32,7.95,46.37,162.15,49787,72.09,4.651,23.26,Frontier Airlines
2023,12,NK,HOU,144,4,34,7.59,9.39,17.32,7.44,45.61,140.33,140730,73.61,2.778,23.61,Spirit Airlines
2023,12,NK,IAH,46,1,10,4.89,6.47,17.73,8.18,44.6,160.33,53784,76.09,2.174,21.74,Spirit Airlines
2023,12,UA,HOU,60,2,14,8.4,10.34,20.09,7.95,45.05,139.43,58720,73.33,3.333,23.33,United Airlines
2023,12,UA,IAH,687,13,121,6.83,8.21,18.12,7.46,45.15,189.09,937514,80.49,1.892,17.61,United Airlines
2023,12,WN,HOU,1199,30,245,7.93,9.47,18.57,7.64,44.43,130.59,1095507,77.06,2.502,20.43,Southwest Airlines
2023,12,WN,IAH,47,0,10,10.21,12.09,19.87,7.79,43.28,158.83,52988,78.72,0.0,21.28,Southwest Airlines
2024,1,AA,HOU,46,2,13,8.23,10.02,18.77,7.86,43.27,123.02,39777,67.39,4.348,28.26,American Airlines
2024,1,AA,IAH,597,16,114,7.38,8.89,18.56,7.4,43.85,99.42,410564,78.22,2.68,19.1,American Airlines
2024,1,AS,HOU,39,1,6,7.53,8.63,18.71,7.13,47.11,136.63,37366,82.05,2.564,15.38,Alaska Airlines
2024,1,AS,IAH,53,0,8,5.19,6.13,19.08,7.42,46.77,205.74,80459,84.91,0.0,15.09,Alaska Airlines
2024,1,B6,HOU,44,1,8,3.37,4.86,18.91,7.21,42.63,141.86,43988,79.55,2.273,18.18,JetBlue Airways
2024,1,B6,IAH,62,1,10,4.38,5.39,18.54,7.64,44.69,191.26,88085,82.26,1.613,16.13,JetBlue Airways
2024,1,DL,HOU,41,0,3,3.66,4.32,17.98,8.56,44.29,118.61,33936,92.68,0.0,7.32,Delta Air Lines
2024,1,DL,IAH,157,8,21,4.56,5.3,18.93,7.64,45.7,127.18,138260,81.53,5.096,13.38,Delta Air Lines
2024,1,F9,HOU,40,0,9,14.22,14.98,19.02,8.02,47.1,122.65,34320,77.5,0.0,22.5,Frontier Airlines
2024,1,F9,IAH,76,0,18,11.62,13.25,18.86,7.11,43.78,165.12,91757,76.32,0.0,23.68,Frontier Airlines
2024,1,NK,HOU,152,6,38,10.04,11.41,19.12,7.29,45.01,136.62,145342,71.05,3.947,25.0,Spirit Airlines
2024,1,NK,IAH,62,1,10,3.7,4.7,20.0,8.15,45.61,190.34,90305,82.26,1.613,16.13,Spirit Airlines
2024,1,UA,HOU,55,1,9,5.67,7.2,17.94,6.83,43.98,135.33,51791,81.82,1.818,16.36,United Airlines
2024,1,UA,IAH,836,16,150,7.17,8.47,18.38,7.37,45.17,238.73,1488566,80.14,1.914,17.94,United Airlines
2024,1,WN,HOU,1103,25,206,7.73,9.04,18.79,7.57,44.55,130.96,1008328,79.06,2.267,18.68,Southwest Airlines
2024,1,WN,IAH,58,3,13,7.09,8.47,18.91,8.16,42.42,148.78,64947,72.41,5.172,22.41,Southwest Airlines
2024,2,AA,HOU,46,2,9,9.55,12.05,19.27,8.39,46.14,131.18,42339,76.09,4.348,19.57,American Airlines
2024,2,AA,IAH,539,17,93,6.58,7.94,18.02,7.95,44.75,98.83,365663,79.59,3.154,17.25,American Airlines
2024,2,AS,HOU,42,2,4,1.8,1.38,16.82,7.52,47.72,138.62,40425,85.71,4.762,9.52,Alaska Airlines
2024,2,AS,IAH,52,0,5,8.79,9.33,17.67,7.15,41.71,163.12,61698,90.38,0.0,9.62,Alaska Airlines
2024,2,B6,HOU,50,3,6,3.15,3.7,18.47,6.7,44.49,135.13,46662,82.0,6.0,12.0,JetBlue Airways
2024,2,B6,IAH,59,1,10,4.57,6.48,15.86,7.62,42.84,165.88,69358,81.36,1.695,16.95,JetBlue Airways
2024,2,DL,HOU,35,0,5,4.57,5.46,17.17,6.69,39.26,128.77,31861,85.71,0.0,14.29,Delta Air Lines
2024,2,DL,IAH,147,5,18,5.25,6.35,18.81,7.94,43.3,143.73,149790,84.35,3.401,12.24,Delta Air Lines
2024,2,F9,HOU,42,0,8,6.88,8.93,19.33,7.52,43.88,127.67,37480,80.95,0.0,19.05,Frontier Airlines
2024,2,F9,IAH,50,2,6,4.96,5.92,17.35,7.1,45.52,136.92,49066,84.0,4.0,12.0,Frontier Airlines
2024,2,NK,HOU,146,2,40,10.56,12.25,19.12,7.9,45.69,139.19,142320,71.23,1.37,27.4,Spirit Airlines
2024,2,NK,IAH,73,1,17,8.01,9.18,21.21,7.32,46.39,139.17,71339,75.34,1.37,23.29,Spirit Airlines
2024,2,UA,HOU,45,0,8,10.31,11.38,17.51,7.6,44.56,135.0,42983,82.22,0.0,17.78,United Airlines
2024,2,UA,IAH,774,19,133,5.1,6.44,18.8,7.49,45.07,248.81,1435701,80.36,2.455,17.18,United Airlines
2024,2,WN,HOU,1002,29,161,5.97,7.03,18.75,7.71,44.48,129.54,908000,81.04,2.894,16.07,Southwest Airlines
2024,2,WN,IAH,63,3,14,8.73,10.35,18.75,7.82,47.15,137.17,65086,73.02,4.762,22.22,Southwest Airlines
2024,3,AA,HOU,57,1,13,7.71,9.21,18.02,7.45,45.93,133.95,53068,75.44,1.754,22.81,American Airlines
2024,3,AA,IAH,669,5,115,7.3,8.58,18.62,7.57,44.56,95.19,434924,82.06,0.747,17.19,American Airlines
2024,3,AS,HOU,61,0,14,11.44,12.93,17.77,7.8,46.28,123.46,52388,77.05,0.0,22.95,Alaska Airlines
2024,3,AS,IAH,60,0,17,7.15,9.38,18.78,7.42,44.98,191.68,84797,71.67,0.0,28.33,Alaska Airlines
2024,3,B6,HOU,49,0,8,7.18,8.35,20.2,7.73,48.9,135.06,46513,83.67,0.0,16.33,JetBlue Airways
2024,3,B6,IAH,69,2,10,6.49,7.88,19.72,7.24,44.54,178.16,89170,82.61,2.899,14.49,JetBlue Airways
2024,3,DL,HOU,57,1,10,5.55,6.95,18.14,7.73,43.66,135.36,54236,80.7,1.754,17.54,Delta Air Lines
2024,3,DL,IAH,171,2,22,3.65,4.67,18.51,7.68,44.17,139.12,168884,85.96,1.17,12.87,Delta Air Lines
2024,3,F9,HOU,54,2,13,11.38,13.33,16.42,7.9,41.31,115.1,43603,72.22,3.704,24.07,Frontier Airlines
2024,3,F9,IAH,62,1,20,9.43,12.39,17.9,7.93,45.77,169.31,76262,66.13,1.613,32.26,Frontier Airlines
2024,3,NK,HOU,168,1,41,9.78,11.21,18.29,7.62,44.53,140.02,165612,75.0,0.595,24.4,Spirit Airlines
2024,3,NK,IAH,55,1,11,9.13,11.52,18.02,7.37,45.44,184.94,74299,78.18,1.818,20.0,Spirit Airlines
2024,3,UA,HOU,45,0,6,6.24,6.47,17.53,7.31,45.18,131.56,40805,86.67,0.0,13.33,United Airlines
2024,3,UA,IAH,908,8,141,6.16,7.25,18.17,7.69,44.64,242.8,1638273,83.59,0.881,15.53,United Airlines
2024,3,WN,HOU,1154,9,200,6.15,7.29,18.39,7.64,44.35,130.69,1053562,81.89,0.78,17.33,Southwest Airlines
2024,3,WN,IAH,58,0,13,4.91,6.41,17.97,7.55,44.0,181.88,77479,77.59,0.0,22.41,Southwest Airlines
2024,4,AA,HOU,44,0,10,9.82,11.34,18.34,7.5,46.14,134.0,41009,77.27,0.0,22.73,American Airlines
2024,4,AA,IAH,649,4,126,7.92,9.2,18.4,7.63,44.05,96.25,423708,79.97,0.616,19.41,American Airlines
2024,4,AS,HOU,49,1,8,6.56,7.88,18.94,7.62,46.44,138.08,47063,81.63,2.041,16.33,Alaska Airlines
2024,4,AS,IAH,63,1,10,6.11,7.15,18.37,7.1,42.68,211.63,97423,82.54,1.587,15.87,Alaska Airlines
2024,4,B6,HOU,55,0,8,5.38,6.69,17.53,7.45,45.47,141.95,54635,85.45,0.0,14.55,JetBlue Airways
2024,4,B6,IAH,70,1,16,8.64,9.78,17.17,7.48,41.9,169.57,89600,75.71,1.429,22.86,JetBlue Airways
2024,4,DL,HOU,54,0,10,4.98,6.76,18.35,7.52,45.28,129.98,49452,81.48,0.0,18.52,Delta Air Lines
2024,4,DL,IAH,168,2,15,2.41,3.01,18.05,7.28,42.73,138.65,164777,89.88,1.19,8.93,Delta Air Lines
2024,4,F9,HOU,54,0,4,1.22,1.59,18.81,7.7,45.13,131.46,49524,92.59,0.0,7.41,Frontier Airlines
2024,4,F9,IAH,53,0,13,6.75,8.72,17.32,7.23,45.02,194.47,75690,75.47,0.0,24.53,Frontier Airlines
2024,4,NK,HOU,168,2,40,7.29,8.71,19.33,7.54,44.61,136.4,160159,75.0,1.19,23.81,Spirit Airlines
2024,4,NK,IAH,64,2,17,12.74,14.19,17.73,7.56,43.26,172.61,79221,70.31,3.125,26.56,Spirit Airlines
2024,4,UA,HOU,50,1,5,5.94,6.8,17.92,7.53,44.0,126.73,44662,88.0,2.0,10.0,United Airlines
2024,4,UA,IAH,896,9,159,5.78,7.0,18.99,7.52,44.46,242.56,1614762,81.25,1.004,17.75,United Airlines
2024,4,WN,HOU,1150,12,211,6.64,7.98,18.79,7.53,44.33,129.99,1043777,80.61,1.043,18.35,Southwest Airlines
2024,4,WN,IAH,68,2,12,5.35,7.06,20.2,7.26,42.33,153.88,79268,79.41,2.941,17.65,Southwest Airlines
2024,5,AA,HOU,75,2,15,5.96,7.1,19.04,8.08,45.34,125.21,65876,77.33,2.667,20.0,American Airlines
2024,5,AA,IAH,726,4,130,6.58,7.97,18.7,7.54,44.25,93.78,464603,81.54,0.551,17.91,American Airlines
2024,5,AS,HOU,50,2,6,8.15,8.85,19.17,7.62,45.21,131.88,45300,84.0,4.0,12.0,Alaska Airlines
2024,5,AS,IAH,70,0,4,4.1,4.59,20.47,7.56,41.97,207.81,107953,94.29,0.0,5.71,Alaska Airlines
2024,5,B6,HOU,50,0,10,7.26,9.72,18.36,7.66,43.96,138.26,48769,80.0,0.0,20.0,JetBlue Airways
2024,5,B6,IAH,57,0,10,6.14,6.67,18.63,7.37,45.6,192.79,80984,82.46,0.0,17.54,JetBlue Airways
2024,5,DL,HOU,67,0,17,9.69,10.61,18.39,7.69,45.18,139.31,66109,74.63,0.0,25.37,Delta Air Lines
2024,5,DL,IAH,198,1,35,4.15,5.3,18.22,8.03,45.77,133.5,187152,81.82,0.505,17.68,Delta Air Lines
2024,5,F9,HOU,52,1,11,4.47,5.55,18.04,7.75,45.59,122.14,43965,76.92,1.923,21.15,Frontier Airlines
2024,5,F9,IAH,60,0,12,4.32,5.93,18.23,6.98,46.88,168.42,72294,80.0,0.0,20.0,Frontier Airlines
2024,5,NK,HOU,164,1,41,7.99,9.34,18.55,7.64,43.04,137.29,157782,74.39,0.61,25.0,Spirit Airlines
2024,5,NK,IAH,69,1,7,5.32,6.04,19.32,7.91,44.16,183.29,91990,88.41,1.449,10.14,Spirit Airlines
2024,5,UA,HOU,48,1,10,6.94,8.32,18.26,6.74,43.53,133.32,44650,77.08,2.083,20.83,United Airlines
2024,5,UA,IAH,966,5,149,5.13,6.14,18.22,7.62,44.22,244.79,1761700,84.06,0.518,15.42,United Airlines
2024,5,WN,HOU,1259,18,253,7.15,8.67,18.75,7.6,44.26,130.37,1147459,78.47,1.43,20.1,Southwest Airlines
2024,5,WN,IAH,61,0,12,6.77,7.9,19.48,7.9,45.23,187.75,83769,80.33,0.0,19.67,Southwest Airlines
2024,6,AA,HOU,59,0,7,4.93,5.47,18.61,6.97,44.14,135.58,56387,88.14,0.0,11.86,American Airlines
2024,6,AA,IAH,769,7,132,6.02,7.21,18.53,7.59,45.14,97.82,516164,81.92,0.91,17.17,American Airlines
2024,6,AS,HOU,58,1,10,6.81,7.96,18.98,7.96,45.54,131.54,53098,81.03,1.724,17.24,Alaska Airlines
2024,6,AS,IAH,68,0,10,3.6,4.72,18.04,7.06,45.66,133.72,64754,85.29,0.0,14.71,Alaska Airlines
2024,6,B6,HOU,67,1,14,6.67,8.68,19.79,8.14,43.3,125.05,58558,77.61,1.493,20.9,JetBlue Airways
2024,6,B6,IAH,75,0,17,5.36,6.88,17.72,7.79,45.56,179.43,98176,77.33,0.0,22.67,JetBlue Airways
2024,6,DL,HOU,62,0,13,5.9,7.65,16.95,8.23,46.26,128.74,55543,79.03,0.0,20.97,Delta Air Lines
2024,6,DL,IAH,190,6,37,7.21,8.84,16.64,7.41,42.86,142.24,195208,77.37,3.158,19.47,Delta Air Lines
2024,6,F9,HOU,61,2,14,8.27,10.68,17.68,7.46,44.41,133.58,56862,73.77,3.279,22.95,Frontier Airlines
2024,6,F9,IAH,75,1,17,7.0,8.97,18.36,7.28,45.55,180.57,99003,76.0,1.333,22.67,Frontier Airlines
2024,6,NK,HOU,186,3,45,7.03,8.55,18.97,7.94,43.69,137.83,179848,74.19,1.613,24.19,Spirit Airlines
2024,6,NK,IAH,70,0,10,3.74,5.13,17.13,7.43,46.79,179.27,92686,85.71,0.0,14.29,Spirit Airlines
2024,6,UA,HOU,55,2,6,5.81,6.47,20.04,7.45,43.94,126.26,48395,85.45,3.636,10.91,United Airlines
2024,6,UA,IAH,1011,14,165,5.41,6.33,18.47,7.54,45.32,242.33,1840883,82.29,1.385,16.32,United Airlines
2024,6,WN,HOU,1329,13,231,5.37,6.78,18.26,7.56,44.46,130.4,1213997,81.64,0.978,17.38,Southwest Airlines
2024,6,WN,IAH,88,0,19,7.99,9.45,17.7,7.61,44.56,190.88,124312,78.41,0.0,21.59,Southwest Airlines
2024,7,AA,HOU,70,0,15,10.7,13.19,16.23,7.51,45.0,129.04,63193,78.57,0.0,21.43,American Airlines
2024,7,AA,IAH,803,10,137,6.22,7.57,18.29,7.55,45.04,95.72,530650,81.69,1.245,17.06,American Airlines
2024,7,AS,HOU,67,1,12,5.29,6.77,18.24,7.15,42.55,132.33,61673,80.6,1.493,17.91,Alaska Airlines
2024,7,AS,IAH,62,0,9,6.65,7.48,19.31,7.81,45.19,190.03,86623,85.48,0.0,14.52,Alaska Airlines
2024,7,B6,HOU,49,0,15,7.84,9.98,17.47,7.53,46.47,135.51,46133,69.39,0.0,30.61,JetBlue Airways
2024,7,B6,IAH,68,2,10,4.85,5.73,18.59,7.77,44.06,211.67,105671,82.35,2.941,14.71,JetBlue Airways
2024,7,DL,HOU,64,1,10,6.65,7.49,18.87,7.78,45.71,135.08,61063,82.81,1.562,15.62,Delta Air Lines
2024,7,DL,IAH,219,2,34,6.74,7.55,18.89,7.77,43.96,129.56,200909,83.56,0.913,15.53,Delta Air Lines
2024,7,F9,HOU,71,2,16,8.06,9.64,20.81,7.0,45.87,133.0,65763,74.65,2.817,22.54,Frontier Airlines
2024,7,F9,IAH,83,2,23,8.37,10.52,17.16,7.42,44.95,163.25,97703,69.88,2.41,27.71,Frontier Airlines
2024,7,NK,HOU,186,1,42,9.74,11.39,18.3,7.59,45.93,136.5,178507,76.88,0.538,22.58,Spirit Airlines
2024,7,NK,IAH,80,1,16,7.42,8.76,18.67,7.63,46.94,209.52,123956,78.75,1.25,20.0,Spirit Airlines
2024,7,UA,HOU,63,0,9,5.56,6.75,18.13,7.49,46.17,130.54,57649,85.71,0.0,14.29,United Airlines
2024,7,UA,IAH,1104,16,179,4.9,6.02,18.28,7.69,44.82,239.48,1966613,82.34,1.449,16.21,United Airlines
2024,7,WN,HOU,1419,22,268,6.99,8.41,18.42,7.59,44.09,130.21,1291485,79.56,1.55,18.89,Southwest Airlines
2024,7,WN,IAH,68,1,12,6.43,7.52,18.91,7.93,43.99,200.6,100280,80.88,1.471,17.65,Southwest Airlines
2024,8,AA,HOU,69,2,12,9.85,10.64,18.01,7.9,43.24,135.91,65685,79.71,2.899,17.39,American Airlines
2024,8,AA,IAH,749,8,123,5.13,6.24,18.84,7.6,45.02,96.5,494536,82.51,1.068,16.42,American Airlines
2024,8,AS,HOU,53,2,11,10.75,11.43,18.51,7.47,44.47,128.71,48199,75.47,3.774,20.75,Alaska Airlines
2024,8,AS,IAH,73,0,15,10.03,10.82,19.48,7.34,46.12,205.14,110595,79.45,0.0,20.55,Alaska Airlines
2024,8,B6,HOU,69,2,17,12.27,14.12,17.01,7.6,42.37,128.79,61684,72.46,2.899,24.64,JetBlue Airways
2024,8,B6,IAH,70,0,16,5.57,6.49,17.64,7.2,44.14,178.83,91292,77.14,0.0,22.86,JetBlue Airways
2024,8,DL,HOU,62,3,8,4.76,5.9,15.85,7.76,42.46,135.2,58498,82.26,4.839,12.9,Delta Air Lines
2024,8,DL,IAH,188,1,29,5.71,6.66,18.15,7.34,45.87,126.18,166581,84.04,0.532,15.43,Delta Air Lines
2024,8,F9,HOU,53,1,14,7.1,10.02,16.81,8.44,44.13,127.19,47000,71.7,1.887,26.42,Frontier Airlines
2024,8,F9,IAH,81,1,14,5.48,7.14,18.1,7.68,45.89,168.58,98193,81.48,1.235,17.28,Frontier Airlines
2024,8,NK,HOU,183,2,36,7.59,8.98,18.54,7.4,44.27,135.83,173598,79.23,1.093,19.67,Spirit Airlines
2024,8,NK,IAH,78,1,11,5.91,6.92,19.65,7.97,44.92,190.01,108724,84.62,1.282,14.1,Spirit Airlines
2024,8,UA,HOU,53,0,5,2.11,2.64,18.34,6.98,44.0,129.11,47986,90.57,0.0,9.43,United Airlines
2024,8,UA,IAH,1061,22,145,4.81,5.69,18.28,7.66,44.12,241.21,1911509,84.26,2.074,13.67,United Airlines
2024,8,WN,HOU,1362,17,230,5.37,6.46,18.28,7.5,44.4,130.67,1244576,81.86,1.248,16.89,Southwest Airlines
2024,8,WN,IAH,81,0,16,4.9,6.74,17.73,7.68,42.53,163.01,95469,80.25,0.0,19.75,Southwest Airlines
2024,9,AA,HOU,46,0,9,6.17,6.65,20.04,8.65,42.89,133.59,42977,80.43,0.0,19.57,American Airlines
2024,9,AA,IAH,617,5,113,7.88,9.2,18.86,7.69,44.04,95.28,399839,80.88,0.81,18.31,American Airlines
2024,9,AS,HOU,48,2,9,4.3,6.04,17.39,7.54,43.43,125.24,41732,77.08,4.167,18.75,Alaska Airlines
2024,9,AS,IAH,61,0,6,7.49,8.95,18.36,7.84,42.18,189.07,84254,90.16,0.0,9.84,Alaska Airlines
2024,9,B6,HOU,59,1,8,3.91,4.5,18.41,7.33,44.07,134.14,54718,84.75,1.695,13.56,JetBlue Airways
2024,9,B6,IAH,67,0,10,6.0,7.43,18.73,7.87,45.13,166.85,80873,85.07,0.0,14.93,JetBlue Airways
2024,9,DL,HOU,52,1,3,0.88,1.27,18.84,7.25,42.47,136.73,49937,92.31,1.923,5.77,Delta Air Lines
2024,9,DL,IAH,166,3,11,3.15,3.31,18.3,7.2,43.18,130.09,152277,91.57,1.807,6.63,Delta Air Lines
2024,9,F9,HOU,50,0,9,5.3,6.6,17.96,7.52,43.78,134.34,46955,82.0,0.0,18.0,Frontier Airlines
2024,9,F9,IAH,69,4,16,8.8,10.68,18.58,7.72,45.34,166.38,82282,71.01,5.797,23.19,Frontier Airlines
2024,9,NK,HOU,159,1,30,6.98,8.33,17.91,7.89,44.75,137.91,153699,80.5,0.629,18.87,Spirit Airlines
2024,9,NK,IAH,69,1,13,6.65,8.26,20.01,7.31,44.93,181.87,92307,79.71,1.449,18.84,Spirit Airlines
2024,9,UA,HOU,51,0,8,7.2,8.37,18.78,7.51,43.18,136.29,48081,84.31,0.0,15.69,United Airlines
2024,9,UA,IAH,891,7,152,6.47,7.87,18.64,7.4,44.71,241.25,1604145,82.15,0.786,17.06,United Airlines
2024,9,WN,HOU,1126,6,223,6.11,7.85,18.32,7.52,44.53,129.88,1021417,79.66,0.533,19.8,Southwest Airlines
2024,9,WN,IAH,51,1,4,4.98,5.44,17.48,7.44,44.12,209.5,78472,90.2,1.961,7.84,Southwest Airlines
2024,10,AA,HOU,66,1,9,3.18,4.18,18.46,7.34,43.49,138.95,63503,84.85,1.515,13.64,American Airlines
2024,10,AA,IAH,677,5,109,6.55,7.58,18.57,7.53,44.55,96.97,448209,83.16,0.739,16.1,American Airlines
2024,10,AS,HOU,56,0,9,5.73,7.21,16.84,7.55,46.52,134.36,52850,83.93,0.0,16.07,Alaska Airlines
2024,10,AS,IAH,52,1,13,7.8,8.92,19.57,7.76,43.63,205.18,77664,73.08,1.923,25.0,Alaska Airlines
2024,10,B6,HOU,52,1,12,11.35,12.92,17.75,8.1,44.18,127.29,46092,75.0,1.923,23.08,JetBlue Airways
2024,10,B6,IAH,57,0,16,8.12,10.21,18.81,7.51,45.86,145.42,59015,71.93,0.0,28.07,JetBlue Airways
2024,10,DL,HOU,62,0,12,5.95,7.26,17.84,7.45,45.48,138.27,60208,80.65,0.0,19.35,Delta Air Lines
2024,10,DL,IAH,187,2,22,6.36,7.3,19.03,7.83,44.05,139.92,184229,87.17,1.07,11.76,Delta Air Lines
2024,10,F9,HOU,60,2,11,5.22,6.5,16.64,7.69,45.29,131.17,55289,78.33,3.333,18.33,Frontier Airlines
2024,10,F9,IAH,70,0,13,4.64,6.01,19.53,7.6,45.1,171.26,86778,81.43,0.0,18.57,Frontier Airlines
2024,10,NK,HOU,164,0,47,11.02,13.79,19.38,7.73,45.54,138.38,158398,71.34,0.0,28.66,Spirit Airlines
2024,10,NK,IAH,71,1,19,8.93,10.71,18.66,7.67,43.86,191.0,101054,71.83,1.408,26.76,Spirit Airlines
2024,10,UA,HOU,53,0,10,5.06,6.09,18.77,7.4,43.3,132.68,48652,81.13,0.0,18.87,United Airlines
2024,10,UA,IAH,927,17,129,4.53,5.46,18.32,7.6,44.29,243.18,1678051,84.25,1.834,13.92,United Airlines
2024,10,WN,HOU,1167,16,217,6.42,7.84,18.72,7.54,44.75,129.63,1056678,80.03,1.371,18.59,Southwest Airlines
2024,10,WN,IAH,59,0,10,6.59,7.56,18.32,7.73,44.25,185.08,79700,83.05,0.0,16.95,Southwest Airlines
2024,11,AA,HOU,54,1,9,5.83,6.72,18.09,7.62,46.58,127.98,48394,81.48,1.852,16.67,American Airlines
2024,11,AA,IAH,695,9,136,6.57,8.16,19.01,7.58,44.45,97.52,464465,79.14,1.295,19.57,American Airlines
2024,11,AS,HOU,56,1,9,9.62,10.6,19.22,7.67,43.84,136.89,54250,82.14,1.786,16.07,Alaska Airlines
2024,11,AS,IAH,64,2,5,1.29,1.92,17.82,7.34,45.37,169.32,78040,89.06,3.125,7.81,Alaska Airlines
2024,11,B6,HOU,49,2,8,5.13,5.4,17.38,7.45,44.57,126.89,42748,79.59,4.082,16.33,JetBlue Airways
2024,11,B6,IAH,74,0,14,8.84,10.39,18.38,7.54,45.47,154.89,82773,81.08,0.0,18.92,JetBlue Airways
2024,11,DL,HOU,62,0,14,8.52,9.77,19.79,7.13,43.16,127.0,54479,77.42,0.0,22.58,Delta Air Lines
2024,11,DL,IAH,165,0,21,3.99,4.41,17.77,7.49,45.04,149.28,175767,87.27,0.0,12.73,Delta Air Lines
2024,11,F9,HOU,53,1,7,4.4,4.96,19.42,7.21,43.85,125.17,46404,84.91,1.887,13.21,Frontier Airlines
2024,11,F9,IAH,73,0,18,8.12,9.66,18.95,7.66,44.68,176.7,93487,75.34,0.0,24.66,Frontier Airlines
2024,11,NK,HOU,165,3,36,7.28,8.75,17.46,7.7,43.38,139.14,159354,76.36,1.818,21.82,Spirit Airlines
2024,11,NK,IAH,92,0,24,9.64,11.24,18.7,7.52,44.01,173.74,116260,73.91,0.0,26.09,Spirit Airlines
2024,11,UA,HOU,59,0,9,5.53,6.75,18.64,7.83,43.8,140.41,57459,84.75,0.0,15.25,United Airlines
2024,11,UA,IAH,971,13,146,4.89,5.94,18.73,7.62,44.95,240.6,1730110,83.63,1.339,15.04,United Airlines
2024,11,WN,HOU,1261,15,252,6.31,7.78,17.98,7.55,44.01,130.97,1150595,78.83,1.19,19.98,Southwest Airlines
2024,11,WN,IAH,67,0,12,5.94,6.93,18.45,7.42,43.43,209.88,105017,82.09,0.0,17.91,Southwest Airlines
2024,12,AA,HOU,51,0,12,8.76,9.86,16.0,7.1,44.06,138.51,49272,76.47,0.0,23.53,American Airlines
2024,12,AA,IAH,751,16,117,6.48,7.62,18.39,7.62,44.34,100.45,522768,82.29,2.13,15.58,American Airlines
2024,12,AS,HOU,57,2,9,4.55,5.95,19.64,7.71,44.73,128.0,51240,80.7,3.509,15.79,Alaska Airlines
2024,12,AS,IAH,73,2,10,5.55,6.63,17.72,7.79,44.63,175.68,93408,83.56,2.74,13.7,Alaska Airlines
2024,12,B6,HOU,66,0,7,4.17,5.03,16.35,7.97,46.02,119.95,54873,89.39,0.0,10.61,JetBlue Airways
2024,12,B6,IAH,76,1,14,7.59,9.03,18.59,7.65,44.17,158.08,85963,80.26,1.316,18.42,JetBlue Airways
2024,12,DL,HOU,52,3,9,4.04,5.61,18.1,7.84,42.31,124.2,45505,76.92,5.769,17.31,Delta Air Lines
2024,12,DL,IAH,193,6,27,3.7,4.73,18.68,7.45,44.36,135.7,182149,82.9,3.109,13.99,Delta Air Lines
2024,12,F9,HOU,60,0,17,8.37,10.67,20.18,7.97,46.3,123.02,51402,71.67,0.0,28.33,Frontier Airlines
2024,12,F9,IAH,61,0,15,18.28,20.05,18.21,7.41,44.49,164.72,72751,75.41,0.0,24.59,Frontier Airlines
2024,12,NK,HOU,175,2,38,9.76,11.24,17.95,8.01,44.61,138.42,170000,77.14,1.143,21.71,Spirit Airlines
2024,12,NK,IAH,72,1,12,6.59,7.56,17.9,7.76,45.03,188.44,99695,81.94,1.389,16.67,Spirit Airlines
2024,12,UA,HOU,48,0,9,6.0,7.38,16.58,7.94,42.02,123.9,41030,81.25,0.0,18.75,United Airlines
2024,12,UA,IAH,1044,30,158,5.59,6.74,18.15,7.46,44.35,239.35,1862368,81.99,2.874,15.13,United Airlines
2024,12,WN,HOU,1360,38,273,8.85,10.13,18.7,7.68,44.44,131.73,1252021,77.13,2.794,20.07,Southwest Airlines
2024,12,WN,IAH,63,0,12,6.71,7.56,18.9,7.71,44.48,190.0,87185,80.95,0.0,19.05,Southwest Airlines
2025,1,AA,HOU,44,2,13,9.14,11.21,19.48,8.05,46.48,138.36,42754,65.91,4.545,29.55,American Airlines
2025,1,AA,IAH,514,19,94,6.82,8.06,18.31,7.6,43.81,103.34,368180,78.02,3.696,18.29,American Airlines
2025,1,AS,HOU,43,0,8,5.37,7.02,17.77,7.12,40.28,128.16,38529,81.4,0.0,18.6,Alaska Airlines
2025,1,AS,IAH,59,3,11,8.38,9.55,18.73,6.68,42.04,178.38,78791,76.27,5.085,18.64,Alaska Airlines
2025,1,B6,HOU,55,3,12,7.73,9.92,19.96,7.54,43.44,131.06,50841,72.73,5.455,21.82,JetBlue Airways
2025,1,B6,IAH,59,2,8,4.19,5.49,16.68,7.74,43.51,144.19,60672,83.05,3.39,13.56,JetBlue Airways
2025,1,DL,HOU,49,1,13,8.25,10.25,17.46,6.56,42.62,132.12,45414,71.43,2.041,26.53,Delta Air Lines
2025,1,DL,IAH,168,5,18,3.63,4.37,18.38,7.73,45.33,153.21,190711,86.31,2.976,10.71,Delta Air Lines
2025,1,F9,HOU,45,2,6,5.81,6.56,18.51,7.84,43.09,143.6,45153,82.22,4.444,13.33,Frontier Airlines
2025,1,F9,IAH,65,0,15,9.83,11.06,18.11,8.35,45.02,219.58,105336,76.92,0.0,23.08,Frontier Airlines
2025,1,NK,HOU,109,3,27,8.79,10.51,18.55,7.52,43.79,136.01,104533,72.48,2.752,24.77,Spirit Airlines
2025,1,NK,IAH,59,1,16,9.91,11.86,19.41,7.33,42.81,235.48,103023,71.19,1.695,27.12,Spirit Airlines
2025,1,UA,HOU,44,0,11,13.95,15.98,20.0,7.34,46.11,133.5,41142,75.0,0.0,25.0,United Airlines
2025,1,UA,IAH,787,18,119,5.73,6.7,18.67,7.6,44.82,270.49,1581426,82.59,2.287,15.12,United Airlines
2025,1,WN,HOU,1076,22,204,6.93,8.26,18.31,7.5,45.2,131.27,989257,79.0,2.045,18.96,Southwest Airlines
2025,1,WN,IAH,53,2,12,9.06,10.29,17.98,7.18,45.75,200.47,74908,73.58,3.774,22.64,Southwest Airlines
2025,2,AA,HOU,41,0,7,5.32,5.27,19.49,7.15,43.59,136.17,39143,82.93,0.0,17.07,American Airlines
2025,2,AA,IAH,488,13,81,7.92,9.09,18.53,7.49,44.05,105.91,354402,80.74,2.664,16.6,American Airlines
2025,2,AS,HOU,45,1,6,6.41,7.84,20.86,7.34,42.09,138.27,43896,84.44,2.222,13.33,Alaska Airlines
2025,2,AS,IAH,44,1,3,1.51,1.81,17.33,7.35,43.98,190.88,64859,90.91,2.273,6.82,Alaska Airlines
2025,2,B6,HOU,44,1,9,4.3,5.91,19.86,6.35,43.07,138.09,42046,77.27,2.273,20.45,JetBlue Airways
2025,2,B6,IAH,46,2,8,3.45,4.41,18.36,7.93,45.55,197.27,65838,78.26,4.348,17.39,JetBlue Airways
2025,2,DL,HOU,42,0,8,4.43,5.55,17.67,7.17,46.81,141.67,41941,80.95,0.0,19.05,Delta Air Lines
2025,2,DL,IAH,156,6,20,6.37,7.52,17.27,7.57,44.47,143.55,158803,83.33,3.846,12.82,Delta Air Lines
2025,2,F9,HOU,45,2,15,14.09,16.84,17.4,7.86,42.77,131.12,39894,62.22,4.444,33.33,Frontier Airlines
2025,2,F9,IAH,48,0,7,5.54,6.46,18.12,7.42,44.92,225.9,80209,85.42,0.0,14.58,Frontier Airlines
2025,2,NK,HOU,87,3,16,6.31,7.71,18.63,7.39,43.89,139.18,84584,78.16,3.448,18.39,Spirit Airlines
2025,2,NK,IAH,51,0,12,8.18,10.29,19.33,7.98,45.61,186.31,69682,76.47,0.0,23.53,Spirit Airlines
2025,2,UA,HOU,45,2,6,5.53,6.86,18.33,6.84,41.72,128.6,41034,82.22,4.444,13.33,United Airlines
2025,2,UA,IAH,748,11,110,5.66,7.02,18.53,7.68,44.19,267.69,1493621,83.82,1.471,14.71,United Airlines
2025,2,WN,HOU,1006,25,208,8.36,9.8,18.46,7.51,44.84,131.16,923317,76.84,2.485,20.68,Southwest Airlines
2025,2,WN,IAH,51,1,7,4.96,6.04,18.88,7.8,43.34,219.76,82942,84.31,1.961,13.73,Southwest Airlines
2025,3,AA,HOU,57,0,16,9.68,11.11,17.32,7.37,47.07,129.4,51130,71.93,0.0,28.07,American Airlines
2025,3,AA,IAH,570,7,84,4.42,5.51,18.14,7.53,45.14,111.18,440528,84.04,1.228,14.74,American Airlines
2025,3,AS,HOU,47,2,5,8.84,10.58,17.0,6.73,46.0,134.51,44634,85.11,4.255,10.64,Alaska Airlines
2025,3,AS,IAH,65,0,11,10.46,12.32,17.26,7.57,46.31,186.48,88537,83.08,0.0,16.92,Alaska Airlines
2025,3,B6,HOU,48,0,10,6.9,9.23,19.04,8.08,43.31,132.42,44445,79.17,0.0,20.83,JetBlue Airways
2025,3,B6,IAH,56,1,11,7.24,8.42,19.31,7.35,45.56,150.15,63898,78.57,1.786,19.64,JetBlue Airways
2025,3,DL,HOU,42,2,3,1.6,1.7,16.73,8.05,42.3,124.15,36719,88.1,4.762,7.14,Delta Air Lines
2025,3,DL,IAH,186,0,28,5.07,6.52,19.44,7.23,44.99,145.12,192666,84.95,0.0,15.05,Delta Air Lines
2025,3,F9,HOU,57,0,11,7.32,8.53,20.11,7.61,48.37,126.82,50693,80.7,0.0,19.3,Frontier Airlines
2025,3,F9,IAH,65,0,11,2.72,3.65,18.29,7.34,47.34,192.12,91262,83.08,0.0,16.92,Frontier Airlines
2025,3,NK,HOU,117,1,24,5.31,6.85,18.1,7.79,45.11,140.93,114969,78.63,0.855,20.51,Spirit Airlines
2025,3,NK,IAH,60,1,12,7.19,8.03,18.36,7.07,44.93,260.59,116695,78.33,1.667,20.0,Spirit Airlines
2025,3,UA,HOU,57,0,9,4.07,5.21,18.12,7.44,44.95,131.61,52485,84.21,0.0,15.79,United Airlines
2025,3,UA,IAH,847,13,116,4.87,5.82,18.85,7.6,45.0,269.6,1706953,84.77,1.535,13.7,United Airlines
2025,3,WN,HOU,1160,15,206,5.38,6.7,18.42,7.58,44.65,132.3,1074169,80.95,1.293,17.76,Southwest Airlines
2025,3,WN,IAH,56,2,10,8.06,9.0,19.44,8.2,45.8,166.09,65767,78.57,3.571,17.86,Southwest Airlines
2025,4,AA,HOU,49,0,10,9.08,10.16,16.84,7.73,44.61,141.37,48455,79.59,0.0,20.41,American Airlines
2025,4,AA,IAH,543,8,95,5.31,6.58,17.98,7.88,43.41,107.72,406121,81.03,1.473,17.5,American Airlines
2025,4,AS,HOU,44,2,2,3.31,3.43,17.93,7.31,44.76,143.69,45123,90.91,4.545,4.55,Alaska Airlines
2025,4,AS,IAH,62,0,7,3.95,4.26,18.61,8.0,47.0,169.03,75755,88.71,0.0,11.29,Alaska Airlines
2025,4,B6,HOU,58,1,10,4.12,5.74,19.04,7.67,45.09,125.95,50711,81.03,1.724,17.24,JetBlue Airways
2025,4,B6,IAH,59,1,10,6.62,6.91,18.83,7.91,46.97,181.69,77568,81.36,1.695,16.95,JetBlue Airways
2025,4,DL,HOU,49,1,5,2.08,3.21,17.62,7.5,43.1,128.52,44340,87.76,2.041,10.2,Delta Air Lines
2025,4,DL,IAH,184,3,40,9.15,10.81,18.13,7.47,44.96,157.14,205505,76.63,1.63,21.74,Delta Air Lines
2025,4,F9,HOU,48,0,9,6.88,7.52,19.67,6.54,45.94,135.98,45505,81.25,0.0,18.75,Frontier Airlines
2025,4,F9,IAH,54,0,8,5.5,7.04,19.37,7.83,45.41,222.5,89003,85.19,0.0,14.81,Frontier Airlines
2025,4,NK,HOU,110,2,21,9.78,10.9,18.63,7.87,44.73,140.3,108824,79.09,1.818,19.09,Spirit Airlines
2025,4,NK,IAH,54,0,10,8.69,10.65,18.65,6.67,43.46,158.91,61867,81.48,0.0,18.52,Spirit Airlines
2025,4,UA,HOU,33,0,4,2.85,3.61,18.76,7.61,40.61,135.94,31173,87.88,0.0,12.12,United Airlines
2025,4,UA,IAH,869,7,126,5.32,6.49,18.95,7.76,45.19,266.98,1741749,84.7,0.806,14.5,United Airlines
2025,4,WN,HOU,1175,10,223,6.92,8.39,18.78,7.6,44.51,130.95,1077290,80.17,0.851,18.98,Southwest Airlines
2025,4,WN,IAH,61,1,14,7.65,9.08,17.63,7.4,44.05,191.72,85810,75.41,1.639,22.95,Southwest Airlines
2025,5,AA,HOU,55,0,8,8.93,9.38,16.65,7.55,43.96,134.22,52235,85.45,0.0,14.55,American Airlines
2025,5,AA,IAH,617,7,90,5.36,6.32,18.23,7.61,44.38,104.75,445270,84.28,1.135,14.59,American Airlines
2025,5,AS,HOU,56,2,5,4.83,5.46,19.85,7.37,44.3,140.02,55232,87.5,3.571,8.93,Alaska Airlines
2025,5,AS,IAH,74,0,10,3.72,4.51,19.64,7.26,41.43,232.03,127350,86.49,0.0,13.51,Alaska Airlines
2025,5,B6,HOU,50,1,6,2.82,4.24,16.63,7.76,46.9,127.2,45291,86.0,2.0,12.0,JetBlue Airways
2025,5,B6,IAH,61,1,14,6.6,7.83,18.55,7.45,45.13,194.87,86692,75.41,1.639,22.95,JetBlue Airways
2025,5,DL,HOU,51,0,8,5.71,5.96,20.55,7.02,42.47,134.73,47928,84.31,0.0,15.69,Delta Air Lines
2025,5,DL,IAH,185,4,22,3.85,4.62,18.25,7.46,45.46,141.91,185721,85.95,2.162,11.89,Delta Air Lines
2025,5,F9,HOU,48,1,9,11.72,12.81,18.21,7.4,44.89,139.02,46387,79.17,2.083,18.75,Frontier Airlines
2025,5,F9,IAH,60,0,16,8.98,10.58,17.53,6.87,43.73,197.18,87153,73.33,0.0,26.67,Frontier Airlines
2025,5,NK,HOU,129,1,25,8.77,10.02,19.01,7.59,45.59,137.76,123981,79.84,0.775,19.38,Spirit Airlines
2025,5,NK,IAH,49,0,13,9.98,11.35,17.96,8.18,48.82,219.49,79645,73.47,0.0,26.53,Spirit Airlines
2025,5,UA,HOU,56,2,7,3.48,4.22,18.91,6.57,44.91,142.72,54922,83.93,3.571,12.5,United Airlines
2025,5,UA,IAH,939,10,138,4.76,5.73,18.42,7.41,44.42,265.24,1859041,84.24,1.065,14.7,United Airlines
2025,5,WN,HOU,1255,20,223,6.83,8.14,18.89,7.66,44.82,130.72,1149666,80.64,1.594,17.77,Southwest Airlines
2025,5,WN,IAH,63,0,10,4.4,5.3,17.54,7.48,42.87,228.16,106682,84.13,0.0,15.87,Southwest Airlines
2025,6,AA,HOU,56,0,8,3.68,4.68,19.54,7.7,44.05,132.68,51818,85.71,0.0,14.29,American Airlines
2025,6,AA,IAH,659,20,117,6.13,7.56,18.25,7.46,44.19,106.35,488079,79.21,3.035,17.75,American Airlines
2025,6,AS,HOU,60,2,5,2.1,1.76,16.9,7.74,46.05,139.66,58269,88.33,3.333,8.33,Alaska Airlines
2025,6,AS,IAH,62,1,9,5.61,6.57,19.39,7.66,44.21,228.3,104533,83.87,1.613,14.52,Alaska Airlines
2025,6,B6,HOU,59,0,7,4.19,5.34,19.58,7.76,45.83,126.17,52258,88.14,0.0,11.86,JetBlue Airways
2025,6,B6,IAH,65,0,12,4.34,6.34,17.89,8.06,43.34,212.92,101987,81.54,0.0,18.46,JetBlue Airways
2025,6,DL,HOU,57,0,12,7.88,10.0,16.63,7.44,42.93,127.46,51050,78.95,0.0,21.05,Delta Air Lines
2025,6,DL,IAH,193,3,24,3.23,4.14,18.74,7.3,43.94,136.37,184957,86.01,1.554,12.44,Delta Air Lines
2025,6,F9,HOU,59,0,9,8.46,10.46,20.73,7.07,44.42,133.98,55651,84.75,0.0,15.25,Frontier Airlines
2025,6,F9,IAH,55,1,12,6.2,7.7,17.26,7.57,47.57,173.74,72887,76.36,1.818,21.82,Frontier Airlines
2025,6,NK,HOU,133,2,19,6.97,7.79,18.18,7.76,43.18,134.43,124481,84.21,1.504,14.29,Spirit Airlines
2025,6,NK,IAH,58,1,14,5.96,8.14,19.0,8.12,43.7,185.35,77675,74.14,1.724,24.14,Spirit Airlines
2025,6,UA,HOU,47,2,15,14.2,15.87,18.09,6.93,40.42,136.04,44186,63.83,4.255,31.91,United Airlines
2025,6,UA,IAH,1015,6,148,4.86,6.02,18.73,7.62,45.25,269.31,2045992,84.83,0.591,14.58,United Airlines
2025,6,WN,HOU,1337,17,242,6.31,7.49,18.54,7.63,44.55,132.09,1238027,80.63,1.272,18.1,Southwest Airlines
2025,6,WN,IAH,71,0,15,5.72,7.41,17.45,7.38,43.3,176.7,90626,78.87,0.0,21.13,Southwest Airlines
2025,7,AA,HOU,62,2,9,5.4,5.97,18.48,7.33,45.0,133.9,57842,82.26,3.226,14.52,American Airlines
2025,7,AA,IAH,667,8,123,6.39,7.6,18.35,7.49,44.0,108.32,499395,80.36,1.199,18.44,American Airlines
2025,7,AS,HOU,58,0,4,1.19,1.55,19.09,7.76,43.84,132.66,53999,93.1,0.0,6.9,Alaska Airlines
2025,7,AS,IAH,79,1,13,5.81,6.85,18.73,7.46,43.86,201.6,120626,82.28,1.266,16.46,Alaska Airlines
2025,7,B6,HOU,49,0,10,8.41,10.35,20.92,7.06,43.55,128.98,44361,79.59,0.0,20.41,JetBlue Airways
2025,7,B6,IAH,84,0,18,8.17,10.01,17.86,7.0,43.71,192.32,118431,78.57,0.0,21.43,JetBlue Airways
2025,7,DL,HOU,79,2,14,5.52,6.94,19.12,8.26,43.1,136.91,75968,79.75,2.532,17.72,Delta Air Lines
2025,7,DL,IAH,221,0,27,4.19,4.72,18.23,7.7,44.95,150.64,237695,87.78,0.0,12.22,Delta Air Lines
2025,7,F9,HOU,71,1,13,5.91,7.23,17.49,7.77,43.51,131.3,65519,80.28,1.408,18.31,Frontier Airlines
2025,7,F9,IAH,69,0,12,8.46,9.71,18.04,7.12,43.74,199.06,100492,82.61,0.0,17.39,Frontier Airlines
2025,7,NK,HOU,143,2,32,8.09,9.62,18.87,7.5,44.77,137.46,138186,76.22,1.399,22.38,Spirit Airlines
2025,7,NK,IAH,70,2,10,7.46,8.57,19.59,7.88,42.79,170.75,86736,82.86,2.857,14.29,Spirit Airlines
2025,7,UA,HOU,43,0,3,8.05,8.49,19.09,7.88,43.4,133.4,40202,93.02,0.0,6.98,United Airlines
2025,7,UA,IAH,1047,14,162,5.28,6.36,18.29,7.56,44.09,266.76,2081173,83.19,1.337,15.47,United Airlines
2025,7,WN,HOU,1411,16,263,7.01,8.41,18.49,7.59,44.7,131.59,1299761,80.23,1.134,18.64,Southwest Airlines
2025,7,WN,IAH,71,0,9,6.0,6.23,18.75,7.46,44.8,212.83,111370,87.32,0.0,12.68,Southwest Airlines
2025,8,AA,HOU,51,0,5,2.8,3.1,18.75,7.47,44.61,142.0,50745,90.2,0.0,9.8,American Airlines
2025,8,AA,IAH,638,9,92,5.34,6.39,17.93,7.6,44.26,109.37,485761,84.17,1.411,14.42,American Airlines
2025,8,AS,HOU,52,2,11,7.62,8.9,18.9,7.58,44.16,128.16,47294,75.0,3.846,21.15,Alaska Airlines
2025,8,AS,IAH,65,1,14,6.97,8.38,18.98,7.27,43.66,206.36,97065,76.92,1.538,21.54,Alaska Airlines
2025,8,B6,HOU,57,2,15,14.09,16.2,18.49,7.84,46.91,125.64,50301,70.18,3.509,26.32,JetBlue Airways
2025,8,B6,IAH,76,1,7,4.21,5.03,19.27,7.04,43.41,191.84,105908,89.47,1.316,9.21,JetBlue Airways
2025,8,DL,HOU,46,0,2,0.67,1.33,20.87,8.35,44.17,139.98,44996,95.65,0.0,4.35,Delta Air Lines
2025,8,DL,IAH,196,4,19,3.86,4.72,19.26,7.74,43.93,145.33,200598,88.27,2.041,9.69,Delta Air Lines
2025,8,F9,HOU,53,1,9,6.9,8.08,18.1,7.94,45.31,129.04,48135,81.13,1.887,16.98,Frontier Airlines
2025,8,F9,IAH,79,1,19,11.23,13.15,18.29,7.5,43.46,184.55,106591,74.68,1.266,24.05,Frontier Airlines
2025,8,NK,HOU,119,2,20,6.61,7.68,18.24,7.8,44.2,138.0,114926,81.51,1.681,16.81,Spirit Airlines
2025,8,NK,IAH,73,1,13,9.28,10.56,18.62,7.62,43.51,213.32,114962,80.82,1.37,17.81,Spirit Airlines
2025,8,UA,HOU,52,1,10,6.37,8.37,18.65,7.49,42.53,130.65,47542,78.85,1.923,19.23,United Airlines
2025,8,UA,IAH,1005,11,139,5.41,6.54,19.12,7.64,44.09,264.11,1986322,85.07,1.095,13.83,United Airlines
2025,8,WN,HOU,1406,21,270,7.48,8.96,18.93,7.6,44.39,131.65,1297727,79.3,1.494,19.2,Southwest Airlines
2025,8,WN,IAH,79,0,12,5.99,6.71,18.56,7.61,42.35,203.67,119126,84.81,0.0,15.19,Southwest Airlines
2025,9,AA,HOU,38,0,7,4.34,5.95,19.24,7.16,41.63,137.66,36315,81.58,0.0,18.42,American Airlines
2025,9,AA,IAH,519,7,78,5.4,6.63,18.12,7.7,44.97,107.1,380846,83.62,1.349,15.03,American Airlines
2025,9,AS,HOU,53,0,11,6.83,9.08,18.64,7.62,44.98,129.47,47733,79.25,0.0,20.75,Alaska Airlines
2025,9,AS,IAH,42,2,6,5.2,6.32,18.38,9.02,44.42,213.7,65121,80.95,4.762,14.29,Alaska Airlines
2025,9,B6,HOU,49,1,7,6.12,6.65,19.04,7.31,43.77,136.65,46578,83.67,2.041,14.29,JetBlue Airways
2025,9,B6,IAH,56,0,12,8.11,10.11,19.43,7.07,42.46,164.64,65470,78.57,0.0,21.43,JetBlue Airways
2025,9,DL,HOU,43,1,3,2.36,3.26,18.17,7.86,44.81,140.31,42685,90.7,2.326,6.98,Delta Air Lines
2025,9,DL,IAH,187,5,21,2.94,3.98,19.16,7.82,43.25,132.54,173668,86.1,2.674,11.23,Delta Air Lines
2025,9,F9,HOU,52,0,11,9.56,11.38,18.96,7.87,43.71,121.67,44111,78.85,0.0,21.15,Frontier Airlines
2025,9,F9,IAH,61,0,11,7.41,8.61,17.51,7.1,43.46,167.18,73784,81.97,0.0,18.03,Frontier Airlines
2025,9,NK,HOU,112,2,28,9.05,10.7,17.98,7.5,43.62,142.24,112094,73.21,1.786,25.0,Spirit Airlines
2025,9,NK,IAH,57,1,9,5.96,7.0,19.73,7.61,45.71,205.43,84846,82.46,1.754,15.79,Spirit Airlines
2025,9,UA,HOU,36,1,8,9.29,10.29,19.37,7.66,43.03,129.97,32972,75.0,2.778,22.22,United Airlines
2025,9,UA,IAH,856,12,118,4.85,5.93,18.31,7.42,44.18,273.94,1766335,84.81,1.402,13.79,United Airlines
2025,9,WN,HOU,1152,9,216,7.01,8.33,18.85,7.53,44.01,131.44,1059851,80.47,0.781,18.75,Southwest Airlines
2025,9,WN,IAH,71,0,12,4.68,6.39,17.96,8.15,44.8,157.52,80258,83.1,0.0,16.9,Southwest Airlines
2025,10,AA,HOU,42,0,7,8.52,9.4,19.52,7.12,42.45,133.83,39777,83.33,0.0,16.67,American Airlines
2025,10,AA,IAH,575,7,100,5.74,7.01,18.36,7.57,44.91,102.24,401395,81.39,1.217,17.39,American Airlines
2025,10,AS,HOU,47,1,8,6.91,7.96,17.93,7.52,46.72,132.22,43662,80.85,2.128,17.02,Alaska Airlines
2025,10,AS,IAH,57,0,7,4.33,5.0,17.91,7.26,41.93,204.72,85706,87.72,0.0,12.28,Alaska Airlines
2025,10,B6,HOU,54,0,9,5.98,7.13,18.33,7.35,44.76,134.94,50640,83.33,0.0,16.67,JetBlue Airways
2025,10,B6,IAH,49,0,10,8.08,9.65,17.98,7.45,44.84,238.9,87235,79.59,0.0,20.41,JetBlue Airways
2025,10,DL,HOU,67,1,9,4.76,5.71,17.94,7.32,44.56,123.27,57744,85.07,1.493,13.43,Delta Air Lines
2025,10,DL,IAH,175,4,32,6.89,8.63,18.44,7.56,45.29,137.65,169130,79.43,2.286,18.29,Delta Air Lines
2025,10,F9,HOU,48,1,11,10.47,11.85,20.23,7.7,45.68,134.06,44461,75.0,2.083,22.92,Frontier Airlines
2025,10,F9,IAH,60,1,10,5.15,6.46,17.88,7.73,44.76,200.75,87029,81.67,1.667,16.67,Frontier Airlines
2025,10,NK,HOU,114,2,21,6.38,7.73,18.58,7.4,46.5,138.47,110745,79.82,1.754,18.42,Spirit Airlines
2025,10,NK,IAH,63,0,14,7.27,8.52,19.44,7.71,45.48,207.38,96374,77.78,0.0,22.22,Spirit Airlines
2025,10,UA,HOU,48,0,12,9.04,11.21,19.73,8.19,46.33,133.02,44457,75.0,0.0,25.0,United Airlines
2025,10,UA,IAH,915,9,125,4.22,5.16,17.92,7.57,44.9,267.94,1832181,85.36,0.984,13.66,United Airlines
2025,10,WN,HOU,1200,13,214,6.05,7.27,18.5,7.49,44.29,132.07,1109984,81.08,1.083,17.83,Southwest Airlines
2025,10,WN,IAH,56,0,13,10.64,12.0,18.12,7.27,45.23,191.32,78680,76.79,0.0,23.21,Southwest Airlines
2025,11,AA,HOU,57,0,8,5.91,6.33,19.91,7.09,42.82,121.82,48643,85.96,0.0,14.04,American Airlines
2025,11,AA,IAH,597,9,90,5.98,6.87,18.45,7.47,44.53,103.73,423979,83.42,1.508,15.08,American Airlines
2025,11,AS,HOU,59,2,7,3.6,4.09,18.0,7.42,42.96,134.23,55328,84.75,3.39,11.86,Alaska Airlines
2025,11,AS,IAH,75,0,15,8.63,9.65,18.53,7.45,47.16,231.56,128917,80.0,0.0,20.0,Alaska Airlines
2025,11,B6,HOU,48,1,11,7.96,9.79,19.79,7.53,45.36,120.55,40435,75.0,2.083,22.92,JetBlue Airways
2025,11,B6,IAH,59,0,9,5.64,6.92,17.93,8.39,44.86,176.17,75655,84.75,0.0,15.25,JetBlue Airways
2025,11,DL,HOU,56,3,5,1.42,2.49,18.72,7.42,41.75,142.17,54507,85.71,5.357,8.93,Delta Air Lines
2025,11,DL,IAH,173,2,26,4.65,5.83,18.79,7.55,46.48,135.32,166028,83.82,1.156,15.03,Delta Air Lines
2025,11,F9,HOU,39,1,5,6.55,7.58,18.55,8.32,46.92,125.79,33870,84.62,2.564,12.82,Frontier Airlines
2025,11,F9,IAH,65,0,15,4.4,5.35,16.74,7.69,44.6,179.29,84996,76.92,0.0,23.08,Frontier Airlines
2025,11,NK,HOU,128,2,22,6.38,7.4,19.63,7.33,46.0,139.31,124326,81.25,1.562,17.19,Spirit Airlines
2025,11,NK,IAH,64,2,12,7.76,9.27,18.77,7.73,44.89,215.26,100664,78.12,3.125,18.75,Spirit Airlines
2025,11,UA,HOU,54,1,4,2.91,3.6,19.21,7.28,42.62,133.43,50768,90.74,1.852,7.41,United Airlines
2025,11,UA,IAH,931,12,126,5.26,6.32,18.41,7.48,45.11,270.65,1883306,85.18,1.289,13.53,United Airlines
2025,11,WN,HOU,1256,14,223,5.71,6.9,18.03,7.57,44.01,132.28,1164609,81.13,1.115,17.75,Southwest Airlines
2025,11,WN,IAH,80,0,21,7.48,9.74,20.42,7.88,47.09,189.12,110556,73.75,0.0,26.25,Southwest Airlines
2025,12,AA,HOU,55,0,9,5.24,6.11,19.0,7.55,45.4,130.85,50482,83.64,0.0,16.36,American Airlines
2025,12,AA,IAH,644,22,115,6.33,7.6,18.78,7.54,44.5,106.31,473886,78.73,3.416,17.86,American Airlines
2025,12,AS,HOU,54,4,8,6.98,7.86,18.76,6.74,44.34,132.32,49472,77.78,7.407,14.81,Alaska Airlines
2025,12,AS,IAH,81,3,10,8.56,9.29,19.05,8.05,45.71,180.37,104759,83.95,3.704,12.35,Alaska Airlines
2025,12,B6,HOU,54,3,7,3.82,5.2,18.63,8.75,43.25,122.0,46502,81.48,5.556,12.96,JetBlue Airways
2025,12,B6,IAH,58,0,10,4.1,5.07,17.57,7.45,43.28,213.29,92380,82.76,0.0,17.24,JetBlue Airways
2025,12,DL,HOU,65,0,14,11.48,13.4,18.69,8.37,44.75,135.42,61693,78.46,0.0,21.54,Delta Air Lines
2025,12,DL,IAH,193,0,25,5.07,6.09,18.99,7.39,43.63,137.07,186106,87.05,0.0,12.95,Delta Air Lines
2025,12,F9,HOU,57,2,12,15.24,18.09,19.8,8.04,44.35,126.85,49652,75.44,3.509,21.05,Frontier Airlines
2025,12,F9,IAH,57,4,11,10.49,11.74,18.23,8.17,44.79,185.23,76571,73.68,7.018,19.3,Frontier Airlines
2025,12,NK,HOU,129,6,25,9.67,11.07,18.37,7.59,45.58,136.11,122548,75.97,4.651,19.38,Spirit Airlines
2025,12,NK,IAH,60,1,19,7.71,9.81,16.97,7.53,44.69,236.17,104700,66.67,1.667,31.67,Spirit Airlines
2025,12,UA,HOU,47,1,9,6.76,8.24,19.85,8.02,42.2,135.7,44723,78.72,2.128,19.15,United Airlines
2025,12,UA,IAH,1005,30,141,5.41,6.44,18.25,7.52,44.26,267.23,2020079,82.99,2.985,14.03,United Airlines
2025,12,WN,HOU,1340,35,217,7.01,8.23,18.49,7.44,44.61,132.22,1244368,81.19,2.612,16.19,Southwest Airlines
2025,12,WN,IAH,67,1,15,6.48,8.39,20.05,6.86,45.32,180.05,86189,76.12,1.493,22.39,Southwest Airlines
2026,1,AA,HOU,38,0,4,8.32,8.71,18.61,6.89,40.42,123.55,32393,89.47,0.0,10.53,American Airlines
2026,1,AA,IAH,556,13,94,6.08,7.36,18.48,7.62,44.59,100.62,386169,80.76,2.338,16.91,American Airlines
2026,1,AS,HOU,57,0,7,2.81,3.23,19.4,7.18,42.35,135.89,53792,87.72,0.0,12.28,Alaska Airlines
2026,1,AS,IAH,52,1,7,3.49,4.35,19.73,7.96,45.02,225.04,89304,84.62,1.923,13.46,Alaska Airlines
2026,1,B6,HOU,43,1,9,8.81,10.64,18.6,8.21,43.95,121.26,35987,76.74,2.326,20.93,JetBlue Airways
2026,1,B6,IAH,48,2,7,3.33,5.04,16.85,7.76,47.85,187.89,65113,81.25,4.167,14.58,JetBlue Airways
2026,1,DL,HOU,56,0,5,2.48,3.41,18.75,7.5,41.79,133.14,52283,91.07,0.0,8.93,Delta Air Lines
2026,1,DL,IAH,180,6,26,5.87,6.82,19.16,7.34,45.55,135.01,170036,82.22,3.333,14.44,Delta Air Lines
2026,1,F9,HOU,47,0,10,5.45,6.87,16.68,7.47,44.45,131.77,43106,78.72,0.0,21.28,Frontier Airlines
2026,1,F9,IAH,52,0,11,10.23,13.04,18.77,7.65,45.92,157.62,58884,78.85,0.0,21.15,Frontier Airlines
2026,1,NK,HOU,113,2,25,10.35,12.27,18.5,7.82,43.49,135.22,106758,76.11,1.77,22.12,Spirit Airlines
2026,1,NK,IAH,59,0,9,4.36,5.8,17.71,8.12,43.83,197.69,86009,84.75,0.0,15.25,Spirit Airlines
2026,1,UA,HOU,66,1,7,3.28,3.85,18.92,7.43,46.08,135.71,62877,87.88,1.515,10.61,United Airlines
2026,1,UA,IAH,709,17,95,4.86,5.84,18.46,7.6,44.66,254.88,1341909,84.2,2.398,13.4,United Airlines
2026,1,WN,HOU,1266,27,206,5.99,7.12,18.66,7.46,44.83,127.57,1121885,81.6,2.133,16.27,Southwest Airlines
2026,1,WN,IAH,54,1,10,5.13,6.91,18.7,7.98,46.47,164.77,64337,79.63,1.852,18.52,Southwest Airlines
2026,2,AA,HOU,63,2,12,3.49,4.46,18.69,7.15,46.05,136.41,60020,77.78,3.175,19.05,American Airlines
2026,2,AA,IAH,527,18,83,6.4,7.5,18.64,7.48,44.37,99.93,361100,80.83,3.416,15.75,American Airlines
2026,2,AS,HOU,54,3,6,4.22,4.63,18.0,7.49,45.27,133.65,50309,83.33,5.556,11.11,Alaska Airlines
2026,2,AS,IAH,39,1,4,2.95,3.29,18.26,6.84,45.0,143.61,40485,87.18,2.564,10.26,Alaska Airlines
2026,2,B6,HOU,53,0,14,8.79,10.6,18.02,7.81,45.58,125.38,46126,73.58,0.0,26.42,JetBlue Airways
2026,2,B6,IAH,56,1,4,2.56,3.25,17.65,7.45,42.11,173.45,70110,91.07,1.786,7.14,JetBlue Airways
2026,2,DL,HOU,52,2,9,8.52,10.1,19.44,6.54,42.34,130.7,47125,78.85,3.846,17.31,Delta Air Lines
2026,2,DL,IAH,178,4,16,4.94,5.58,18.86,7.45,43.78,136.16,171192,88.76,2.247,8.99,Delta Air Lines
2026,2,F9,HOU,42,2,5,7.88,8.9,19.15,7.32,44.08,124.42,36448,83.33,4.762,11.9,Frontier Airlines
2026,2,F9,IAH,45,0,6,4.98,6.31,18.98,7.6,44.91,198.2,65536,86.67,0.0,13.33,Frontier Airlines
2026,2,NK,HOU,122,8,20,5.48,6.57,19.17,7.11,44.67,128.45,111452,77.05,6.557,16.39,Spirit Airlines
2026,2,NK,IAH,44,2,4,1.98,2.45,17.79,7.64,41.86,175.17,55846,86.36,4.545,9.09,Spirit Airlines
2026,2,UA,HOU,49,2,4,2.74,3.23,17.7,7.83,43.0,131.26,45247,87.76,4.082,8.16,United Airlines
2026,2,UA,IAH,646,13,88,5.49,6.42,18.01,7.5,44.31,259.64,1255606,84.37,2.012,13.62,United Airlines
2026,2,WN,HOU,1123,30,207,6.57,7.9,18.78,7.62,45.11,127.73,998232,78.9,2.671,18.43,Southwest Airlines
2026,2,WN,IAH,46,0,9,6.02,7.78,17.04,7.39,44.57,211.2,71644,80.43,0.0,19.57,Southwest Airlines
2026,3,AA,HOU,68,2,15,5.82,6.47,18.39,7.7,43.03,119.98,56876,75.0,2.941,22.06,American Airlines
2026,3,AA,IAH,609,6,107,6.08,7.37,19.16,7.6,44.1,99.53,413808,81.44,0.985,17.57,American Airlines
2026,3,AS,HOU,65,2,9,4.57,5.62,18.43,8.19,45.21,120.98,54588,83.08,3.077,13.85,Alaska Airlines
2026,3,AS,IAH,62,0,7,3.69,4.65,20.63,7.65,45.24,193.98,88835,88.71,0.0,11.29,Alaska Airlines
2026,3,B6,HOU,66,0,11,6.27,7.0,18.89,7.35,42.47,123.02,56351,83.33,0.0,16.67,JetBlue Airways
2026,3,B6,IAH,54,1,6,2.4,3.17,17.7,8.09,43.47,153.13,58831,87.04,1.852,11.11,JetBlue Airways
2026,3,DL,HOU,56,2,7,5.33,6.67,17.24,7.46,44.61,120.74,47699,83.93,3.571,12.5,Delta Air Lines
2026,3,DL,IAH,188,1,30,5.58,6.67,18.22,7.86,44.84,135.49,179413,83.51,0.532,15.96,Delta Air Lines
2026,3,F9,HOU,54,1,7,4.06,5.0,19.89,7.15,41.57,125.87,47342,85.19,1.852,12.96,Frontier Airlines
2026,3,F9,IAH,57,2,9,5.25,6.56,17.96,8.0,43.76,155.45,66787,80.7,3.509,15.79,Frontier Airlines
2026,3,NK,HOU,127,1,22,5.22,6.3,19.2,8.04,43.74,135.98,120956,81.89,0.787,17.32,Spirit Airlines
2026,3,NK,IAH,48,1,12,12.17,14.38,18.38,7.68,48.38,180.89,62872,72.92,2.083,25.0,Spirit Airlines
2026,3,UA,HOU,54,0,4,1.11,1.69,18.17,7.37,43.83,131.91,49636,92.59,0.0,7.41,United Airlines
2026,3,UA,IAH,772,7,119,6.32,7.38,18.48,7.55,44.62,259.55,1495017,83.68,0.907,15.41,United Airlines
2026,3,WN,HOU,1330,18,203,5.18,6.28,18.33,7.65,44.32,129.09,1196297,83.38,1.353,15.26,Southwest Airlines
2026,3,WN,IAH,56,0,10,4.27,5.41,18.59,7.82,46.62,182.79,75077,82.14,0.0,17.86,Southwest Airlines
2026,4,AA,HOU,51,2,7,4.22,4.78,18.1,7.39,44.41,126.65,45831,82.35,3.922,13.73,American Airlines
2026,4,AA,IAH,619,10,103,6.21,7.51,18.39,7.74,44.26,103.1,441286,81.74,1.616,16.64,American Airlines
2026,4,AS,HOU,69,1,5,2.03,2.35,18.37,7.76,43.74,136.63,66503,91.3,1.449,7.25,Alaska Airlines
2026,4,AS,IAH,66,2,14,5.3,7.73,16.44,7.83,45.41,194.62,94333,75.76,3.03,21.21,Alaska Airlines
2026,4,B6,HOU,57,0,10,7.49,8.63,17.37,7.82,46.39,138.32,55208,82.46,0.0,17.54,JetBlue Airways
2026,4,B6,IAH,39,0,6,8.54,9.74,19.18,7.56,44.95,163.85,45677,84.62,0.0,15.38,JetBlue Airways
2026,4,DL,HOU,64,0,6,2.03,3.12,19.31,8.28,42.19,118.8,53112,90.62,0.0,9.38,Delta Air Lines
2026,4,DL,IAH,187,3,21,3.4,4.35,18.81,7.7,44.21,139.65,184298,87.17,1.604,11.23,Delta Air Lines
2026,4,F9,HOU,46,0,12,13.39,15.41,18.48,7.35,44.7,115.0,37022,73.91,0.0,26.09,Frontier Airlines
2026,4,F9,IAH,66,0,13,7.67,9.12,18.61,7.2,44.59,179.64,85690,80.3,0.0,19.7,Frontier Airlines
2026,4,NK,HOU,124,3,30,9.65,11.52,18.67,7.28,44.79,132.3,113988,73.39,2.419,24.19,Spirit Airlines
2026,4,NK,IAH,50,0,11,9.2,10.88,19.08,7.42,45.46,166.28,59746,78.0,0.0,22.0,Spirit Airlines
2026,4,UA,HOU,57,1,8,4.84,5.62,17.2,7.27,43.68,119.82,46794,84.21,1.754,14.04,United Airlines
2026,4,UA,IAH,756,11,108,5.43,6.35,18.82,7.44,44.15,255.84,1452367,84.26,1.455,14.29,United Airlines
2026,4,WN,HOU,1331,13,228,6.38,7.52,18.26,7.75,44.62,128.54,1191774,81.89,0.977,17.13,Southwest Airlines
2026,4,WN,IAH,45,0,10,16.33,17.78,19.04,7.38,44.51,176.31,57646,77.78,0.0,22.22,Southwest Airlines
2026,5,AA,HOU,65,1,16,9.25,10.83,16.88,7.45,44.3,127.8,58486,73.85,1.538,24.62,American Airlines
2026,5,AA,IAH,642,5,84,4.52,5.32,18.39,7.58,44.39,105.21,468146,86.14,0.779,13.08,American Airlines
2026,5,AS,HOU,68,0,7,3.62,3.93,19.96,7.91,43.54,112.53,52656,89.71,0.0,10.29,Alaska Airlines
2026,5,AS,IAH,64,1,2,0.87,0.97,17.51,7.24,46.94,168.41,78148,95.31,1.562,3.12,Alaska Airlines
2026,5,B6,HOU,61,0,9,5.18,6.03,18.07,7.31,45.72,118.77,50127,85.25,0.0,14.75,JetBlue Airways
2026,5,B6,IAH,57,0,8,4.58,5.26,19.0,7.35,41.51,177.07,73487,85.96,0.0,14.04,JetBlue Airways
2026,5,DL,HOU,61,0,8,8.03,8.95,19.67,8.41,44.79,129.0,54599,86.89,0.0,13.11,Delta Air Lines
2026,5,DL,IAH,203,2,31,8.0,9.29,18.48,7.79,44.92,129.1,183841,83.74,0.985,15.27,Delta Air Lines
2026,5,F9,HOU,48,0,11,6.17,9.0,16.35,7.56,46.08,135.48,45275,77.08,0.0,22.92,Frontier Airlines
2026,5,F9,IAH,77,0,17,5.44,6.55,19.83,7.18,43.7,188.27,106648,77.92,0.0,22.08,Frontier Airlines
2026,5,NK,HOU,151,1,29,5.35,6.78,19.19,7.46,44.01,134.34,141688,80.13,0.662,19.21,Spirit Airlines
2026,5,NK,IAH,55,0,10,5.62,6.95,17.71,7.85,47.76,201.13,81597,81.82,0.0,18.18,Spirit Airlines
2026,5,UA,HOU,52,0,8,3.0,3.77,18.67,7.96,44.71,120.54,43045,84.62,0.0,15.38,United Airlines
2026,5,UA,IAH,821,8,91,3.93,4.93,18.05,7.68,44.53,255.06,1563129,87.94,0.974,11.08,United Airlines
2026,5,WN,HOU,1450,14,261,5.69,6.9,18.35,7.55,44.11,129.17,1305527,81.03,0.966,18.0,Southwest Airlines
2026,5,WN,IAH,64,0,10,7.31,8.66,16.88,7.06,43.55,147.42,67959,84.38,0.0,15.62,Southwest Airlines
2026,6,AA,HOU,62,1,10,3.9,5.75,18.28,7.97,43.79,126.13,54808,82.26,1.613,16.13,American Airlines
2026,6,AA,IAH,690,9,108,5.55,6.64,18.44,7.67,45.51,96.01,453957,83.04,1.304,15.65,American Airlines
2026,6,AS,HOU,60,2,7,3.91,5.14,18.52,8.24,46.62,133.95,55869,85.0,3.333,11.67,Alaska Airlines
2026,6,AS,IAH,59,0,7,2.31,2.85,18.97,7.71,43.73,166.36,71577,88.14,0.0,11.86,Alaska Airlines
2026,6,B6,HOU,63,1,6,3.58,4.05,20.73,7.82,45.65,126.52,55881,88.89,1.587,9.52,JetBlue Airways
2026,6,B6,IAH,65,1,13,5.05,6.69,18.44,7.75,47.09,171.45,80694,78.46,1.538,20.0,JetBlue Airways
2026,6,DL,HOU,65,0,8,3.09,4.0,18.05,7.34,47.06,129.97,59506,87.69,0.0,12.31,Delta Air Lines
2026,6,DL,IAH,215,2,35,4.87,6.05,18.02,7.21,45.48,139.3,212356,82.79,0.93,16.28,Delta Air Lines
2026,6,F9,HOU,78,2,16,5.99,6.83,17.45,7.91,45.58,134.42,72649,76.92,2.564,20.51,Frontier Airlines
2026,6,F9,IAH,73,2,9,5.03,5.87,18.3,6.97,46.62,171.83,90900,84.93,2.74,12.33,Frontier Airlines
2026,6,NK,HOU,164,0,29,6.69,7.66,18.25,7.48,43.82,137.13,155877,82.32,0.0,17.68,Spirit Airlines
2026,6,NK,IAH,66,1,13,5.57,6.4,18.66,7.26,46.22,174.54,83899,78.79,1.515,19.7,Spirit Airlines
2026,6,UA,HOU,67,2,12,6.15,7.69,19.03,7.55,46.22,131.17,60865,79.1,2.985,17.91,United Airlines
2026,6,UA,IAH,875,12,116,4.34,5.24,18.4,7.62,43.55,259.98,1706588,85.37,1.371,13.26,United Airlines
2026,6,WN,HOU,1521,25,279,7.01,8.34,18.76,7.55,44.47,127.46,1346982,80.01,1.644,18.34,Southwest Airlines
2026,6,WN,IAH,66,0,11,2.88,4.23,18.53,8.15,43.45,186.91,89936,83.33,0.0,16.67,Southwest Airlines
2026,7,AA,HOU,73,3,2,0.67,0.77,18.67,8.01,44.26,133.11,67855,93.15,4.11,2.74,American Airlines
2026,7,AA,IAH,738,12,130,6.35,7.57,18.41,7.62,44.26,102.39,520110,80.76,1.626,17.62,American Airlines
2026,7,AS,HOU,54,0,11,10.11,11.72,18.87,7.72,44.48,128.63,48578,79.63,0.0,20.37,Alaska Airlines
2026,7,AS,IAH,59,0,12,9.0,10.41,19.9,7.1,45.03,176.66,75456,79.66,0.0,20.34,Alaska Airlines
2026,7,B6,HOU,69,1,11,6.74,8.07,17.87,7.96,44.47,123.04,58883,82.61,1.449,15.94,JetBlue Airways
2026,7,B6,IAH,81,1,11,5.42,6.49,18.95,7.45,43.05,190.85,113650,85.19,1.235,13.58,JetBlue Airways
2026,7,DL,HOU,60,1,11,7.53,8.54,16.69,7.03,41.42,123.49,52285,80.0,1.667,18.33,Delta Air Lines
2026,7,DL,IAH,223,3,24,4.02,4.95,18.39,7.53,44.73,140.66,221956,87.89,1.345,10.76,Delta Air Lines
2026,7,F9,HOU,71,0,12,5.76,6.94,16.65,7.52,46.73,115.73,56943,83.1,0.0,16.9,Frontier Airlines
2026,7,F9,IAH,83,0,18,6.05,8.34,19.37,7.33,47.12,175.52,106939,78.31,0.0,21.69,Frontier Airlines
2026,7,NK,HOU,164,5,35,5.67,6.72,18.57,7.52,44.64,130.13,148752,75.61,3.049,21.34,Spirit Airlines
2026,7,NK,IAH,82,1,24,8.69,10.51,19.59,7.57,44.51,172.63,102492,69.51,1.22,29.27,Spirit Airlines
2026,7,UA,HOU,65,1,13,10.28,11.89,19.48,7.67,44.95,139.48,63988,78.46,1.538,20.0,United Airlines
2026,7,UA,IAH,903,17,127,5.07,6.1,18.4,7.58,44.28,253.09,1719977,84.05,1.883,14.06,United Airlines
2026,7,WN,HOU,1648,24,280,5.98,7.05,18.68,7.49,44.37,128.95,1476187,81.55,1.456,16.99,Southwest Airlines
2026,7,WN,IAH,66,1,16,14.29,15.85,18.28,8.2,43.74,192.8,96279,74.24,1.515,24.24,Southwest Airlines
2026,8,AA,HOU,60,2,6,3.28,4.09,17.4,7.36,44.47,117.59,49932,86.67,3.333,10.0,American Airlines
2026,8,AA,IAH,702,9,110,6.77,7.83,18.4,7.65,44.19,98.98,478665,83.05,1.282,15.67,American Airlines
2026,8,AS,HOU,57,0,9,5.91,6.68,18.26,7.79,46.02,137.95,54693,84.21,0.0,15.79,Alaska Airlines
2026,8,AS,IAH,62,0,12,8.76,10.16,19.4,7.5,45.9,173.56,79421,80.65,0.0,19.35,Alaska Airlines
2026,8,B6,HOU,64,0,16,4.66,7.05,17.73,7.58,46.05,136.16,60707,75.0,0.0,25.0,JetBlue Airways
2026,8,B6,IAH,64,0,8,3.86,4.73,19.56,7.41,45.03,179.89,84626,87.5,0.0,12.5,JetBlue Airways
2026,8,DL,HOU,60,0,4,1.9,2.63,18.23,6.82,44.97,123.22,51184,93.33,0.0,6.67,Delta Air Lines
2026,8,DL,IAH,216,4,24,3.31,3.77,18.4,7.75,45.09,127.37,195155,87.04,1.852,11.11,Delta Air Lines
2026,8,F9,HOU,64,0,14,5.89,7.28,18.62,7.73,44.88,127.94,57163,78.12,0.0,21.88,Frontier Airlines
2026,8,F9,IAH,66,0,15,8.94,10.83,17.53,7.47,46.11,167.18,79893,77.27,0.0,22.73,Frontier Airlines
2026,8,NK,HOU,159,2,25,4.37,5.78,18.24,7.17,42.85,138.88,153634,83.02,1.258,15.72,Spirit Airlines
2026,8,NK,IAH,63,0,16,6.83,7.73,17.94,7.51,44.6,172.52,78591,74.6,0.0,25.4,Spirit Airlines
2026,8,UA,HOU,59,0,9,4.93,5.76,18.02,7.76,46.02,129.78,53649,84.75,0.0,15.25,United Airlines
2026,8,UA,IAH,912,9,140,5.27,6.29,18.04,7.61,44.27,259.02,1770148,83.66,0.987,15.35,United Airlines
2026,8,WN,HOU,1586,24,260,5.42,6.62,18.49,7.49,44.89,127.26,1406855,82.09,1.513,16.39,Southwest Airlines
2026,8,WN,IAH,58,2,12,6.93,7.96,16.91,7.84,45.66,174.8,71924,75.86,3.448,20.69,Southwest Airlines
2026,9,AA,HOU,48,0,5,4.29,5.17,18.98,7.21,43.79,128.27,42934,89.58,0.0,10.42,American Airlines
2026,9,AA,IAH,574,4,87,5.31,6.49,18.56,7.49,45.36,102.52,407627,84.15,0.697,15.16,American Airlines
2026,9,AS,HOU,56,1,7,3.25,4.16,19.13,8.18,44.85,128.69,50393,85.71,1.786,12.5,Alaska Airlines
2026,9,AS,IAH,41,1,6,3.38,4.12,17.42,7.82,43.38,178.3,53328,82.93,2.439,14.63,Alaska Airlines
2026,9,B6,HOU,46,1,11,9.33,11.11,17.42,7.18,43.24,123.51,39452,73.91,2.174,23.91,JetBlue Airways
2026,9,B6,IAH,60,0,8,6.87,7.43,17.77,7.77,45.85,170.87,74227,86.67,0.0,13.33,JetBlue Airways
2026,9,DL,HOU,51,0,10,12.08,13.61,20.47,8.04,44.18,121.88,43371,80.39,0.0,19.61,Delta Air Lines
2026,9,DL,IAH,188,3,18,3.68,4.42,18.92,7.58,43.96,139.74,185205,88.83,1.596,9.57,Delta Air Lines
2026,9,F9,HOU,61,0,11,5.64,6.79,18.97,7.97,45.67,125.28,53112,81.97,0.0,18.03,Frontier Airlines
2026,9,F9,IAH,64,0,14,5.48,6.47,20.45,7.66,44.73,198.67,93800,78.12,0.0,21.88,Frontier Airlines
2026,9,NK,HOU,149,1,27,8.71,9.51,18.91,7.53,45.8,138.48,143534,81.21,0.671,18.12,Spirit Airlines
2026,9,NK,IAH,58,2,11,10.23,11.38,19.25,7.86,44.25,179.95,73928,77.59,3.448,18.97,Spirit Airlines
2026,9,UA,HOU,69,0,16,7.88,9.88,16.58,6.87,44.17,131.49,62746,76.81,0.0,23.19,United Airlines
2026,9,UA,IAH,748,8,101,5.71,6.9,18.22,7.5,44.4,256.02,1430718,85.43,1.07,13.5,United Airlines
2026,9,WN,HOU,1284,24,197,5.43,6.44,18.21,7.58,44.3,127.8,1143440,82.79,1.869,15.34,Southwest Airlines
2026,9,WN,IAH,59,1,13,7.05,9.21,18.05,7.34,45.05,124.74,52491,76.27,1.695,22.03,Southwest Airlines
2026,10,AA,HOU,59,0,12,10.03,11.36,20.76,7.12,45.63,129.12,53371,79.66,0.0,20.34,American Airlines
2026,10,AA,IAH,620,7,95,6.08,7.08,18.24,7.67,44.32,98.03,418263,83.55,1.129,15.32,American Airlines
2026,10,AS,HOU,59,0,8,5.78,7.42,18.41,8.05,42.56,142.59,58887,86.44,0.0,13.56,Alaska Airlines
2026,10,AS,IAH,62,0,11,8.56,10.4,18.74,7.89,44.06,209.0,95799,82.26,0.0,17.74,Alaska Airlines
2026,10,B6,HOU,55,1,11,7.98,10.02,16.8,7.65,40.93,134.72,51377,78.18,1.818,20.0,JetBlue Airways
2026,10,B6,IAH,65,0,12,10.48,11.63,19.66,6.83,42.74,187.66,89319,81.54,0.0,18.46,JetBlue Airways
2026,10,DL,HOU,62,0,8,5.84,6.82,20.21,7.6,43.52,119.34,51355,87.1,0.0,12.9,Delta Air Lines
2026,10,DL,IAH,184,1,28,4.39,5.65,18.57,7.55,44.81,130.31,168254,84.24,0.543,15.22,Delta Air Lines
2026,10,F9,HOU,55,0,9,3.64,4.8,18.84,8.18,43.85,134.62,51956,83.64,0.0,16.36,Frontier Airlines
2026,10,F9,IAH,67,0,9,6.43,6.85,17.46,7.61,45.48,191.27,93947,86.57,0.0,13.43,Frontier Airlines
2026,10,NK,HOU,158,2,36,12.2,14.16,19.07,7.48,44.31,137.62,151891,75.95,1.266,22.78,Spirit Airlines
2026,10,NK,IAH,59,1,9,4.81,5.93,18.55,7.81,45.9,205.09,89122,83.05,1.695,15.25,Spirit Airlines
2026,10,UA,HOU,45,0,5,8.53,9.53,18.24,8.53,44.47,129.64,40717,88.89,0.0,11.11,United Airlines
2026,10,UA,IAH,775,11,121,5.65,6.7,18.38,7.38,44.27,250.44,1446760,82.97,1.419,15.61,United Airlines
2026,10,WN,HOU,1367,20,237,5.76,7.15,18.06,7.53,44.29,126.57,1205956,81.2,1.463,17.34,Southwest Airlines
2026,10,WN,IAH,58,2,12,12.7,14.64,18.11,8.14,43.82,241.75,102816,75.86,3.448,20.69,Southwest Airlines
2026,11,AA,HOU,71,1,14,10.24,11.87,17.11,7.83,45.83,131.41,64690,78.87,1.408,19.72,American Airlines
2026,11,AA,IAH,665,13,104,5.87,6.96,18.38,7.55,44.33,95.77,435997,82.41,1.955,15.64,American Airlines
2026,11,AS,HOU,64,0,10,3.81,4.73,18.17,7.64,42.75,125.72,56040,84.38,0.0,15.62,Alaska Airlines
2026,11,AS,IAH,55,3,4,2.9,3.65,19.71,7.6,43.77,175.9,69837,87.27,5.455,7.27,Alaska Airlines
2026,11,B6,HOU,62,0,9,8.15,8.85,18.48,8.06,44.6,132.13,57201,85.48,0.0,14.52,JetBlue Airways
2026,11,B6,IAH,59,1,9,4.0,4.86,18.93,7.03,46.71,207.91,90841,83.05,1.695,15.25,JetBlue Airways
2026,11,DL,HOU,67,1,12,7.5,8.21,18.18,7.79,41.88,132.39,62007,80.6,1.493,17.91,Delta Air Lines
2026,11,DL,IAH,217,0,29,4.41,5.41,18.36,7.9,43.63,136.06,208127,86.64,0.0,13.36,Delta Air Lines
2026,11,F9,HOU,74,0,9,5.09,6.04,18.61,7.77,44.58,129.03,66139,87.84,0.0,12.16,Frontier Airlines
2026,11,F9,IAH,60,2,14,9.14,11.74,18.28,7.21,44.57,198.9,87726,73.33,3.333,23.33,Frontier Airlines
2026,11,NK,HOU,147,1,33,7.36,9.36,17.04,7.6,43.1,135.73,138984,76.87,0.68,22.45,Spirit Airlines
2026,11,NK,IAH,55,0,9,7.76,8.98,19.15,7.64,44.16,195.2,79188,83.64,0.0,16.36,Spirit Airlines
2026,11,UA,HOU,52,1,6,2.14,3.49,19.18,8.57,46.55,128.37,46098,86.54,1.923,11.54,United Airlines
2026,11,UA,IAH,806,19,105,4.74,5.58,18.17,7.68,45.53,257.4,1561840,84.62,2.357,13.03,United Airlines
2026,11,WN,HOU,1413,18,264,6.23,7.61,18.42,7.62,44.71,127.58,1254374,80.04,1.274,18.68,Southwest Airlines
2026,11,WN,IAH,64,1,14,6.54,8.41,16.37,7.92,44.84,187.78,88196,76.56,1.562,21.88,Southwest Airlines
2026,12,AA,HOU,62,2,9,4.38,5.42,15.95,8.15,44.63,136.43,58134,82.26,3.226,14.52,American Airlines
2026,12,AA,IAH,694,21,100,6.03,7.29,18.31,7.5,44.09,103.17,492583,82.56,3.026,14.41,American Airlines
2026,12,AS,HOU,78,2,15,7.95,9.66,17.78,8.03,45.49,125.04,66685,78.21,2.564,19.23,Alaska Airlines
2026,12,AS,IAH,79,1,10,4.71,5.18,16.42,7.86,44.86,191.64,110050,86.08,1.266,12.66,Alaska Airlines
2026,12,B6,HOU,62,0,9,2.77,2.95,19.63,7.71,45.98,121.58,52226,85.48,0.0,14.52,JetBlue Airways
2026,12,B6,IAH,60,0,8,6.63,7.67,19.32,7.78,44.07,169.6,73861,86.67,0.0,13.33,JetBlue Airways
2026,12,DL,HOU,65,3,6,2.81,3.61,17.85,7.37,44.42,133.18,61702,86.15,4.615,9.23,Delta Air Lines
2026,12,DL,IAH,207,5,23,5.6,6.55,17.61,7.7,43.12,135.26,197133,86.47,2.415,11.11,Delta Air Lines
2026,12,F9,HOU,64,2,10,6.61,7.37,19.15,7.6,43.52,134.77,60915,81.25,3.125,15.62,Frontier Airlines
2026,12,F9,IAH,75,1,16,6.81,8.12,17.28,7.24,45.89,153.99,81713,77.33,1.333,21.33,Frontier Airlines
2026,12,NK,HOU,174,5,37,7.57,9.28,18.72,7.81,45.63,137.44,167539,75.86,2.874,21.26,Spirit Airlines
2026,12,NK,IAH,61,2,10,7.83,8.31,16.75,7.68,46.2,181.53,80713,80.33,3.279,16.39,Spirit Airlines
2026,12,UA,HOU,67,2,11,8.78,10.34,18.22,7.63,43.54,119.66,56376,80.6,2.985,16.42,United Airlines
2026,12,UA,IAH,851,23,125,5.26,6.31,18.17,7.57,43.58,257.99,1636359,82.61,2.703,14.69,United Airlines
2026,12,WN,HOU,1496,42,263,6.76,7.96,18.44,7.57,44.12,127.36,1328236,79.61,2.807,17.58,Southwest Airlines
2026,12,WN,IAH,71,2,9,3.77,4.86,18.03,7.61,43.88,197.9,102132,84.51,2.817,12.68,Southwest Airlines
